,pval,species,factor,factor_type,cell_line,cell_type,tissue,qc,TF
47329|FOXA1,5.35493226828755E-18,Homo sapiens,FOXA1,tf,DU145,Epithelium,Prostate,1,FOXA1
52683|FOXA2,4.36953719291572E-16,Homo sapiens,FOXA2,tf,CyT49,Embryonic Stem Cell,Embryo,1,FOXA2
34389|SMARCA4,2.83842353782941E-15,Homo sapiens,SMARCA4,cr,None,None,None,1,SMARCA4
68975|PR,1.15463194561016E-14,Homo sapiens,PR,predicted transcription factor,T47D,None,Breast,1,PR
50122|LMNB1,2.21489493412719E-14,Homo sapiens,LMNB1,not sure,IMR90,Fibroblast,Lung,1,LMNB1
71746|SOX4,3.05866443284231E-14,Homo sapiens,SOX4,tf,None,Fibroblast,Fetal Lung,1,SOX4
33707|SOX2,3.52495810318487E-14,Homo sapiens,SOX2,tf,BJ,Fibroblast,Skin,1,SOX2
72703|NUP98-HOXA9,1.76247905159244E-13,Homo sapiens,NUP98-HOXA9,other,HEK293FT,None,Kidney,1,NUP98-HOXA9
54134|CEBPB,8.33166868829949E-13,Homo sapiens,CEBPB,tf,None,Mesenchymal Stem Cell,None,1,CEBPB
56668|HOXB13,1.20720100582616E-12,Homo sapiens,HOXB13,tf,LHSAR,Epithelium,Prostate,1,HOXB13
57641|HDAC1,4.29852820005294E-11,Homo sapiens,HDAC1,cr,Nalm6,B cell precursor,Blood,1,HDAC1
55563|MEF2B,8.87922513292949E-11,Homo sapiens,MEF2B,tf,None,B Lymphocyte,None,1,MEF2B
72793|LMNA,5.42508760137395E-10,Homo sapiens,LMNA,not sure,HeLa,Epithelium,Cervix,1,LMNA
65125|PRDM6,5.91636906133175E-10,Homo sapiens,PRDM6,,HEK293,Epithelium,Embryonic Kidney,1,PRDM6
33917|WDR5,6.07248529238547E-10,Homo sapiens,WDR5,cr,NHEK,Keratinocyte,Skin,1,WDR5
75278|ZBTB48,8.41102465454213E-10,Homo sapiens,ZBTB48,,U2OS,None,None,1,ZBTB48
38496|RBL1,1.14330178657696E-09,Homo sapiens,RBL1,both predicted transcription factor and chromatin regulator,IMR90,Fibroblast,Lung,1,RBL1
41490|RNF2,1.23994492451374E-09,Homo sapiens,RNF2,predicted transcription factor,DU145,Epithelium,Prostate,1,RNF2
52428|MYC,4.1320704080583E-09,Homo sapiens,MYC,tf,HEK293,Epithelium,Embryonic Kidney,1,MYC
74643|NFATC3,4.25528234870853E-09,Homo sapiens,NFATC3,tf,HepG2,Epithelium,Liver,1,NFATC3
41411|ERCC3,6.26340290743599E-09,Homo sapiens,ERCC3,predicted chromatin regulator,HT1080,None,Connective Tissue,1,ERCC3
41492|BMI1,7.17427961482997E-09,Homo sapiens,BMI1,cr,DU145,Epithelium,Prostate,1,BMI1
72089|AFF1,1.06071866845525E-08,Homo sapiens,AFF1,tf,None,Leukemic cells,Bone Marrow,1,AFF1
5822|DUX4,1.90861066395875E-08,Homo sapiens,DUX4,other,None,Myoblast,Muscle,1,DUX4
41412|ERCC2,6.67778111140827E-08,Homo sapiens,ERCC2,tf,HT1080,None,Connective Tissue,1,ERCC2
48692|H3F3B,1.94104381068261E-07,Homo sapiens,H3F3B,other,None,Spermatid,None,1,H3F3B
67748|GATA2,2.79958344395759E-07,Homo sapiens,GATA2,tf,LNCaP,Epithelium,Prostate,1,GATA2
67858|TET2,5.17731187088533E-07,Homo sapiens,TET2,cr,HEK293T,Epithelium,Embryonic Kidney,1,TET2
76995|GLI2,5.72585678759729E-07,Homo sapiens,GLI2,tf,THP-1,None,None,1,GLI2
41489|RING1,9.75964839722288E-07,Homo sapiens,RING1,cr,DU145,Epithelium,Prostate,1,RING1
50047|AR,1.06093458929202E-06,Homo sapiens,AR,tf,LNCaP,Epithelium,Prostate,0,AR
76967|MBOAT4,1.09117822061355E-06,Homo sapiens,MBOAT4,other,HeLa,Epithelium,Cervix,1,MBOAT4
44026|AGO1,1.17076166517016E-06,Homo sapiens,AGO1,other,PC-3,Epithelium,Prostate,1,AGO1
63809|HLF,2.49936685448038E-06,Homo sapiens,HLF,,HepG2,Epithelium,Liver,1,HLF
54612|TEAD1,5.17516502318571E-06,Homo sapiens,TEAD1,tf,SF268,None,None,1,TEAD1
74361|OTX2,6.17246131229265E-06,Homo sapiens,OTX2,tf,D283 Med,None,None,1,OTX2
50899|LHX2,6.24500792051341E-06,Homo sapiens,LHX2,tf,6540 cells,Epithelium,None,1,LHX2
56901|PBX3,1.12462603675256E-05,Homo sapiens,PBX3,tf,SMMC-7721,None,Liver,1,PBX3
51542|POU5F1,1.16776583619083E-05,Homo sapiens,POU5F1,tf,HUES64,Embryonic Stem Cell,Embryo,1,POU5F1
72552|TRIM28,1.29803680647411E-05,Homo sapiens,TRIM28,cr,None,Neural Progenitor Cell,None,1,TRIM28
68872|ESR1,1.4481360321561E-05,Homo sapiens,ESR1,tf,MCF-7,Embryonic Stem Cell,Breast,1,ESR1
77331|SP140,2.21302973036908E-05,Homo sapiens,SP140,tf,None,Macrophage,None,1,SP140
36712|CDX2,2.75661824328255E-05,Homo sapiens,CDX2,tf,COLO-320,Epithelium,Colon,1,CDX2
33150|GATA3,4.31740997998698E-05,Homo sapiens,GATA3,tf,MCF-7,Epithelium,Breast,1,GATA3
34962|KMT2A,4.62291685512928E-05,Homo sapiens,KMT2A,not sure,RS4,B Lymphocyte,None,1,KMT2A
76859|IRAK1,5.21712635088156E-05,Homo sapiens,IRAK1,other,HEK293,Epithelium,Embryonic Kidney,1,IRAK1
49604|ZNF486,5.36053537393832E-05,Homo sapiens,ZNF486,not sure,None,Embryonic Stem Cell,Embryo,1,ZNF486
32784|ATF3,5.82382406731918E-05,Homo sapiens,ATF3,predicted transcription factor,None,Glioblastoma Multiforme Stem Like,None,1,ATF3
69558|PSIP1,7.9527599891327E-05,Homo sapiens,PSIP1,predicted transcription factor,MV4-11,Leukemia Cell,None,1,PSIP1
44874|5HMC,7.99465627014384E-05,Homo sapiens,5HMC,other,None,Erythroid Cell,None,1,5HMC
51478|GATA6,0.000137767750354734,Homo sapiens,GATA6,tf,HUES64,Embryonic Stem Cell,Embryo,1,GATA6
75850|BRD4,0.000138919107165347,Homo sapiens,BRD4,cr,Rh4,rhabdomyosarcoma,None,1,BRD4
70228|DNMT3A,0.000142892136290818,Homo sapiens,DNMT3A,cr,None,Stem cell,Foreskin,1,DNMT3A
54609|YAP1,0.000155610237297821,Homo sapiens,YAP1,other,SF268,None,None,1,YAP1
77155|ZNF248,0.000156686404581774,Homo sapiens,ZNF248,tf,293T,None,None,1,ZNF248
73925|ZNF84,0.000219652113087165,Homo sapiens,ZNF84,predicted transcription factor,293T,None,None,1,ZNF84
51465|GATA4,0.000360968125396099,Homo sapiens,GATA4,tf,HUES64,Embryonic Stem Cell,Embryo,1,GATA4
36349|PTPN11,0.000433834694420376,Homo sapiens,PTPN11,other,A549,Epithelium,Lung,1,PTPN11
45815|MAFK,0.000476233814215132,Homo sapiens,MAFK,tf,HepG2,Epithelium,Liver,1,MAFK
44768|TP53,0.000480431217703692,Homo sapiens,TP53,predicted transcription factor,None,Keratinocyte,Foreskin,1,TP53
59168|MLLT1,0.00101844502857629,Homo sapiens,MLLT1,not sure,SEM,Pre-B Lymphocyte,None,1,MLLT1
54140|ATF4,0.00107138544529795,Homo sapiens,ATF4,tf,None,Mesenchymal Stem Cell,None,1,ATF4
40379|CTCF,0.00112808709062517,Homo sapiens,CTCF,tf,BCBL1,B cell lymphoma,None,1,CTCF
68878|NR3C1,0.00136985064401235,Homo sapiens,NR3C1,tf,MCF-7,Embryonic Stem Cell,Breast,1,NR3C1
55300|JUN,0.0013919886986542,Homo sapiens,JUN,tf,MDA-MB-231,Epithelium,Breast,1,JUN
4551|SPI1,0.00145638863554109,Homo sapiens,SPI1,predicted transcription factor,None,Haematopoietic Progenitor Cell,Cord blood,1,SPI1
36252|NKX3-1,0.00180816784199844,Homo sapiens,NKX3-1,tf,LNCaP,Epithelium,Prostate,1,NKX3-1
77175|ZNF133,0.00188476110425978,Homo sapiens,ZNF133,tf,293T,None,None,1,ZNF133
1740|FOS,0.00195722676188509,Homo sapiens,FOS,tf,None,Endothelial Cell,Umbilical Vein,1,FOS
74382|RELA,0.00217040638590482,Homo sapiens,RELA,tf,MCF-7,None,Breast,1,RELA
65079|ZNF317,0.00282825582264057,Homo sapiens,ZNF317,,HEK293,Epithelium,Embryonic Kidney,1,ZNF317
50409|PPARG,0.00286786817450674,Homo sapiens,PPARG,tf,hMADS-3,Adipocyte,Adipose,1,PPARG
1010|FOXH1,0.0029028865256584,Homo sapiens,FOXH1,tf,H9,Embryonic Stem Cell,Embryo,1,FOXH1
65075|ZNF382,0.0032514084410194,Homo sapiens,ZNF382,,HEK293,Epithelium,Embryonic Kidney,1,ZNF382
71204|PIAS1,0.00327692348229969,Homo sapiens,PIAS1,other,LNCaP,Epithelium,Prostate,1,PIAS1
57659|BAHD1,0.0033579234724016,Homo sapiens,BAHD1,both predicted transcription factor and chromatin regulator,HEK293,Epithelium,Embryonic Kidney,1,BAHD1
71873|SMC1A,0.00353960058081682,Homo sapiens,SMC1A,predicted chromatin regulator,HepG2,hepatocellular carcinoma,None,1,SMC1A
76854|CDCA2,0.00365888365521533,Homo sapiens,CDCA2,other,HeLa,Epithelium,Cervix,1,CDCA2
71756|NANOG,0.00388406469207625,Homo sapiens,NANOG,tf,LNCaP,Epithelium,Prostate,1,NANOG
69557|ASH1L,0.00452932731748712,Homo sapiens,ASH1L,cr,MV4-11,Leukemia Cell,None,1,ASH1L
45801|MAFF,0.00459446349016868,Homo sapiens,MAFF,tf,HepG2,Epithelium,Liver,1,MAFF
37625|MYH11,0.00487576202786205,Homo sapiens,MYH11,not sure,U937,None,Pleura,1,MYH11
70162|TEAD4,0.00515043186929054,Homo sapiens,TEAD4,tf,BE2-C,Neuroblastoma cell,Bone Marrow,1,TEAD4
77264|DPF1,0.00672810096369353,Homo sapiens,DPF1,other,K562,Erythroblast,Bone Marrow,1,DPF1
9230|CBX3,0.00678505767717136,Homo sapiens,CBX3,cr,HCT-116,None,Colon,1,CBX3
44433|TAL1,0.00723327533285423,Homo sapiens,TAL1,tf,None,None,Cord blood,1,TAL1
64604|FEZF1,0.0075317623616335,Homo sapiens,FEZF1,,HEK293,Epithelium,Embryonic Kidney,1,FEZF1
64140|HHEX,0.00810183368017126,Homo sapiens,HHEX,tf,HepG2,Epithelium,Liver,1,HHEX
56463|EHMT2,0.00826367977148357,Homo sapiens,EHMT2,cr,HEK293T,Epithelium,Embryonic Kidney,1,EHMT2
63592|TCF7,0.00907703483374583,Homo sapiens,TCF7,tf,HepG2,Epithelium,Liver,1,TCF7
33916|GRHL3,0.00921794100732931,Homo sapiens,GRHL3,predicted transcription factor,NHEK,Keratinocyte,Skin,1,GRHL3
49257|SCML2,0.00934338610551017,Homo sapiens,SCML2,tf,293T-Rex,None,None,0,SCML2
5888|LIN9,0.00993040398649958,Homo sapiens,LIN9,not sure,HeLa,Epithelium,Cervix,1,LIN9
52205|IL1RN,0.0104852711472733,Homo sapiens,IL1RN,other,HEK293T,Epithelium,Embryonic Kidney,0,IL1RN
397|IGF1R,0.0106165711733886,Homo sapiens,IGF1R,not sure,DFB,Melanocyte,Skin,0,IGF1R
74651|BATF3,0.0115840128209537,Homo sapiens,BATF3,tf,GM12878,B Lymphocyte,Blood,1,BATF3
38488|RBL2,0.012685454787836,Homo sapiens,RBL2,both predicted transcription factor and chromatin regulator,IMR90,Fibroblast,Lung,1,RBL2
67613|HNF1B,0.0129229255454397,Homo sapiens,HNF1B,tf,CFPAC-1,None,Pancreatic ductal,0,HNF1B
63285|OSR2,0.0129622418752264,Homo sapiens,OSR2,,HEK293,Epithelium,Embryonic Kidney,1,OSR2
69249|SIX2,0.0133526868904423,Homo sapiens,SIX2,tf,None,Cortex,Kidney,1,SIX2
46151|BCL11A,0.013581912168159,Homo sapiens,BCL11A,predicted transcription factor,GM12878,B Lymphocyte,Blood,1,BCL11A
58319|MED1,0.0137028115701332,Homo sapiens,MED1,predicted transcription factor,LNCaP-abl,Epithelium,Prostate,1,MED1
65081|ZIM3,0.0152812109910213,Homo sapiens,ZIM3,,HEK293,Epithelium,Embryonic Kidney,1,ZIM3
45655|JUND,0.0168814996205143,Homo sapiens,JUND,tf,GM12878,B Lymphocyte,Blood,1,JUND
62646|HES2,0.0175385378290485,Homo sapiens,HES2,tf,A549,Epithelium,Lung,1,HES2
41167|CEBPA,0.0181584945868147,Homo sapiens,CEBPA,tf,SGBS,Adipocyte,Adipose,1,CEBPA
43893|HOXC9,0.0186493480857144,Homo sapiens,HOXC9,tf,BE2-C,Neuroblast,Brain,1,HOXC9
47735|LANA,0.0188112639512115,Homo sapiens,LANA,other,BCBL1,B cell lymphoma,None,0,LANA
54626|NCAPG,0.0193135222870978,Homo sapiens,NCAPG,predicted chromatin regulator,MCF-7,Epithelium,Breast,0,NCAPG
33481|IRF5,0.020041074587885,Homo sapiens,IRF5,tf,None,Monocyte,Blood,0,IRF5
65133|PRDM1,0.0231318371218585,Homo sapiens,PRDM1,tf,HEK293,Epithelium,Embryonic Kidney,1,PRDM1
72220|TP63,0.028823210511885,Homo sapiens,TP63,predicted transcription factor,JHU-029,None,None,1,TP63
35471|NKX2-1,0.0290960689758624,Homo sapiens,NKX2-1,tf,NCI-H1819,None,Lung,1,NKX2-1
77519|H3K18me1,0.0291659611806669,Homo sapiens,H3K18me1,,U2OS,None,Bone,1,H3K18me1
33035|AHR,0.0301335540038251,Homo sapiens,AHR,tf,MCF-7,Epithelium,Breast,1,AHR
63919|FOSL2,0.0331018078163167,Homo sapiens,FOSL2,tf,A549,Epithelium,Lung,1,FOSL2
76567|ZNF618,0.0352542623389591,Homo sapiens,ZNF618,tf,293T,None,None,1,ZNF618
64957|ATF2,0.0463787392040742,Homo sapiens,ATF2,predicted transcription factor,GM12878,B Lymphocyte,Blood,1,ATF2
65086|ZSCAN16,0.0464633690533276,Homo sapiens,ZSCAN16,,HEK293,Epithelium,Embryonic Kidney,1,ZSCAN16
64780|JUNB,0.0534738726558577,Homo sapiens,JUNB,tf,GM12878,B Lymphocyte,Blood,1,JUNB
49732|ASCL1,0.0567159696444625,Homo sapiens,ASCL1,tf,NCI-H526,Epithelium,Lung,0,ASCL1
76140|H2AFX,0.057194962514904,Homo sapiens,H2AFX,predicted chromatin regulator,HeLa,Epithelium,Cervix,1,H2AFX
34366|SUMO1,0.0573821768849345,Homo sapiens,SUMO1,other,HeLa,Epithelium,Cervix,0,SUMO1
38708|HOXA2,0.0599270925714313,Homo sapiens,HOXA2,tf,LoVo,None,Colon,0,HOXA2
38795|TCF7L2,0.0676667237641764,Homo sapiens,TCF7L2,tf,LoVo,None,Colon,0,TCF7L2
54664|TCF4,0.0696599276628452,Homo sapiens,TCF4,tf,HCT-116,None,Colon,1,TCF4
43364|EBNA3C,0.0700138267915237,Homo sapiens,EBNA3C,other,None,B Lymphocyte,None,1,EBNA3C
77081|ZNF585A,0.0772975875943314,Homo sapiens,ZNF585A,tf,293T,None,None,1,ZNF585A
36814|TLE3,0.0784048257946552,Homo sapiens,TLE3,not sure,MCF-7,Epithelium,Breast,1,TLE3
54106|DNMT1,0.087737568194688,Homo sapiens,DNMT1,cr,PC-3,Epithelium,Prostate,1,DNMT1
54243|FOXO1,0.0940137257769629,Homo sapiens,FOXO1,tf,None,Stromal Cell,Endometrium,1,FOXO1
38174|EBNA3,0.10606134996977,Homo sapiens,EBNA3,other,Mutu III,B Lymphocyte,None,1,EBNA3
62691|CEBPG,0.107771954106476,Homo sapiens,CEBPG,tf,MCF-7,Epithelium,Breast,1,CEBPG
64575|MAFG,0.122363007223744,Homo sapiens,MAFG,tf,K562,Erythroblast,Bone Marrow,1,MAFG
38854|DLX2,0.125059968703704,Homo sapiens,DLX2,tf,LoVo,None,Colon,1,DLX2
77262|HMG20A,0.126070973230666,Homo sapiens,HMG20A,tf,GM12878,B Lymphocyte,Blood,1,HMG20A
70103|HIST1H1B,0.149240448875549,Homo sapiens,HIST1H1B,predicted chromatin regulator,HeLa,Epithelium,Cervix,0,HIST1H1B
77069|ZNF627,0.171627949081611,Homo sapiens,ZNF627,tf,293T,None,None,1,ZNF627
63878|NFE2,0.173118980844024,Homo sapiens,NFE2,tf,K562,Erythroblast,Bone Marrow,1,NFE2
55730|GATA1,0.182389646300934,Homo sapiens,GATA1,tf,K562,Erythroblast,Bone Marrow,1,GATA1
6544|TP73,0.199782411981166,Homo sapiens,TP73,predicted transcription factor,Saos-2,Osteosarcoma cell,Bone,1,TP73
44427|SMARCC1,0.212951169818898,Homo sapiens,SMARCC1,cr,MCF-7,Epithelium,Breast,0,SMARCC1
43086|7SK,0.243994006581808,Homo sapiens,7SK,other,HEK293T,Epithelium,Embryonic Kidney,0,7SK
65182|ZNF708,0.255360887227037,Homo sapiens,ZNF708,,HEK293,Epithelium,Embryonic Kidney,1,ZNF708
52497|TCF21,0.273435083885469,Homo sapiens,TCF21,tf,None,None,Coronary artery smooth muscle,1,TCF21
64241|ZNF146,0.283154234945897,Homo sapiens,ZNF146,,HEK293,Epithelium,Embryonic Kidney,1,ZNF146
43676|CDK2,0.302633687297268,Homo sapiens,CDK2,not sure,T47D-MTVL,Epithelium,Mammary Gland,0,CDK2
76419|MAML3,0.327607060133952,Homo sapiens,MAML3,tf,SK-N-SH,Neuroblastoma cell,Brain,1,MAML3
38713|HNF4A,0.334087396218011,Homo sapiens,HNF4A,tf,LoVo,None,Colon,1,HNF4A
41188|EED,0.341888897501647,Homo sapiens,EED,cr,DU145,Epithelium,Prostate,1,EED
52574|CHRM2,0.349634995275582,Homo sapiens,CHRM2,predicted chromatin regulator,None,Stromal Cell,Endometrium,1,CHRM2
38678|HOXA13,0.350463874529335,Homo sapiens,HOXA13,tf,LoVo,None,Colon,1,HOXA13
65211|ZFP28,0.354478233520975,Homo sapiens,ZFP28,,HEK293,Epithelium,Embryonic Kidney,1,ZFP28
47710|SOX11,0.363886271607509,Homo sapiens,SOX11,tf,GRANTA-519,B Lymphocyte,None,0,SOX11
51448|EOMES,0.377386757768945,Homo sapiens,EOMES,tf,HUES64,Embryonic Stem Cell,Embryo,1,EOMES
77185|ZKSCAN2,0.378704241908975,Homo sapiens,ZKSCAN2,tf,293T,None,None,1,ZKSCAN2
72702|HOXA9,0.378950255956074,Homo sapiens,HOXA9,tf,HEK293FT,None,Kidney,1,HOXA9
73963|ZNF266,0.379525870347276,Homo sapiens,ZNF266,predicted transcription factor,293T,None,None,1,ZNF266
74657|ARID3A,0.384364001131651,Homo sapiens,ARID3A,tf,HepG2,Epithelium,Liver,1,ARID3A
51750|FOXP1,0.384931998575294,Homo sapiens,FOXP1,tf,LNCaP,Epithelium,Prostate,1,FOXP1
37605|FAIRE,0.390789486313729,Homo sapiens,FAIRE,other,None,Epithelium,Mammary Gland,1,FAIRE
77165|ZNF182,0.409911518431393,Homo sapiens,ZNF182,tf,293T,None,None,1,ZNF182
51251|KDM1B,0.421104681299085,Homo sapiens,KDM1B,cr,HepG2,Epithelium,Liver,0,KDM1B
56126|APOBEC3B,0.477014573394855,Homo sapiens,APOBEC3B,other,MCF-7,Epithelium,Breast,1,APOBEC3B
64442|ZSCAN20,0.483387197292922,Homo sapiens,ZSCAN20,,HEK293,Epithelium,Embryonic Kidney,1,ZSCAN20
48802|KDM1A,0.509961507740379,Homo sapiens,KDM1A,cr,None,Keratinocyte,Foreskin,1,KDM1A
75045|FOSL1,0.515084995165996,Homo sapiens,FOSL1,tf,MDA-MB-231,None,Breast,1,FOSL1
38796|ZFAT,0.517011567692395,Homo sapiens,ZFAT,tf,LoVo,None,Colon,1,ZFAT
71878|NIPBL,0.522293236866275,Homo sapiens,NIPBL,not sure,HepG2,hepatocellular carcinoma,None,1,NIPBL
63593|SOX13,0.527790833572864,Homo sapiens,SOX13,,HepG2,Epithelium,Liver,1,SOX13
77068|ZNF649,0.532071376964429,Homo sapiens,ZNF649,tf,293T,None,None,1,ZNF649
35315|GRHL2,0.538774743115556,Homo sapiens,GRHL2,tf,None,Epithelium,Bronchia,1,GRHL2
64547|HNF1A,0.547980269316481,Homo sapiens,HNF1A,tf,HepG2,Epithelium,Liver,1,HNF1A
38806|FOXO3,0.558626665907324,Homo sapiens,FOXO3,tf,LoVo,None,Colon,0,FOXO3
1086|SMAD4,0.562390508927359,Homo sapiens,SMAD4,predicted transcription factor,H9,Embryonic Stem Cell,Embryo,1,SMAD4
39443|FOXM1,0.57547773803647,Homo sapiens,FOXM1,tf,MCF-7,Epithelium,Breast,1,FOXM1
47774|LDB1,0.576669212765684,Homo sapiens,LDB1,not sure,None,Erythroid Progenitor Cell,Blood,1,LDB1
73932|ZNF680,0.592465005228874,Homo sapiens,ZNF680,,293T,None,None,1,ZNF680
73940|ZNF558,0.598359021092033,Homo sapiens,ZNF558,,293T,None,None,1,ZNF558
50111|MAF,0.603887779801329,Homo sapiens,MAF,tf,None,Keratinocyte,Foreskin,1,MAF
76279|CALU,0.61278130366592,Homo sapiens,CALU,other,Calu-3,None,Lung,1,CALU
53340|T,0.618388249905215,Homo sapiens,T,tf,H9,Embryonic Stem Cell,Embryo,0,T
54240|PGR,0.624347181020093,Homo sapiens,PGR,tf,None,Stromal Cell,Endometrium,1,PGR
38858|MECOM,0.627147900554769,Homo sapiens,MECOM,tf,LoVo,None,Colon,1,MECOM
77267|NFIA,0.628228408451337,Homo sapiens,NFIA,tf,HepG2,Epithelium,Liver,1,NFIA
73929|ZNF766,0.628435260873876,Homo sapiens,ZNF766,,293T,None,None,1,ZNF766
39786|RUNX1T1,0.637953227178742,Homo sapiens,RUNX1T1,tf,Kasumi-1,Myeloblast,Blood,1,RUNX1T1
53479|MBD2,0.653385662288835,Homo sapiens,MBD2,cr,HMLER,None,None,1,MBD2
70101|5MC,0.656790786440784,Homo sapiens,5MC,other,293T,None,None,1,5MC
48621|BATF,0.657267280629134,Homo sapiens,BATF,predicted transcription factor,OCI-Ly3,B Lymphocyte,Bone Marrow,1,BATF
36026|HIRA,0.659409510800597,Homo sapiens,HIRA,predicted transcription factor,None,Epithelium,Cervix,1,HIRA
8768|CBX8,0.665620088113589,Homo sapiens,CBX8,cr,K562,Erythroblast,Bone Marrow,1,CBX8
76816|NEUROG2,0.671764352262615,Homo sapiens,NEUROG2,tf,None,Fibroblast,Fetal Lung,1,NEUROG2
77018|ZNF93,0.672183064692354,Homo sapiens,ZNF93,tf,293T,None,None,1,ZNF93
35875|CBX5,0.675428005066156,Homo sapiens,CBX5,cr,HEK293,Epithelium,Embryonic Kidney,1,CBX5
65069|ZNF490,0.685231012883358,Homo sapiens,ZNF490,,HEK293,Epithelium,Embryonic Kidney,1,ZNF490
41515|NR5A2,0.685480451410013,Homo sapiens,NR5A2,tf,MCF-7,Epithelium,Breast,1,NR5A2
46304|HDAC2,0.691434969809022,Homo sapiens,HDAC2,cr,K562,Erythroblast,Bone Marrow,1,HDAC2
62959|NFE2L2,0.693677559339559,Homo sapiens,NFE2L2,tf,IMR90,Fibroblast,Lung,1,NFE2L2
39785|RUNX1,0.695208832400633,Homo sapiens,RUNX1,tf,Kasumi-1,Myeloblast,Blood,1,RUNX1
33032|ARNT,0.702758491599261,Homo sapiens,ARNT,predicted transcription factor,MCF-7,Epithelium,Breast,1,ARNT
63895|NFE2L1,0.703367440435374,Homo sapiens,NFE2L1,tf,K562,Erythroblast,Bone Marrow,1,NFE2L1
77110|ZNF483,0.706985658047849,Homo sapiens,ZNF483,tf,293T,None,None,1,ZNF483
62547|CUX1,0.711153546456776,Homo sapiens,CUX1,tf,MCF-7,Epithelium,Breast,1,CUX1
71282|SMAD3,0.719702068532851,Homo sapiens,SMAD3,tf,None,hESC,None,1,SMAD3
44099|FOXP3,0.720932135870015,Homo sapiens,FOXP3,tf,None,T Lymphocyte,Blood,1,FOXP3
59347|RBPJ,0.721243906473137,Homo sapiens,RBPJ,tf,LCL,Lymphoblastoid,Blood,1,RBPJ
64738|ZBTB33,0.725788574040611,Homo sapiens,ZBTB33,tf,K562,Erythroblast,Bone Marrow,1,ZBTB33
38760|PDX1,0.731899106079146,Homo sapiens,PDX1,tf,LoVo,None,Colon,0,PDX1
48640|IRF4,0.735219083379944,Homo sapiens,IRF4,predicted transcription factor,OCI-Ly3,B Lymphocyte,Bone Marrow,1,IRF4
1|BTAF1,0.736529528562582,Homo sapiens,BTAF1,tf,HeLa,Epithelium,Cervix,0,BTAF1
77027|ZNF808,0.738040776873009,Homo sapiens,ZNF808,other,293T,None,None,1,ZNF808
64313|ZNF664,0.740810055354469,Homo sapiens,ZNF664,,HEK293,Epithelium,Embryonic Kidney,1,ZNF664
47856|REST,0.742446320581755,Homo sapiens,REST,tf,GM12878,B Lymphocyte,Blood,1,REST
74119|OLFM2,0.743168035910697,Homo sapiens,OLFM2,other,MCF7-LTED,None,None,1,OLFM2
68797|SATB1,0.743444413703299,Homo sapiens,SATB1,tf,SH-SY5Y,Neuron,None,1,SATB1
76547|CHAT,0.747026301096583,Homo sapiens,CHAT,other,SH-SY5Y,Neuron,None,0,CHAT
38807|ISL1,0.751360735846588,Homo sapiens,ISL1,tf,LoVo,None,Colon,0,ISL1
77176|ZNF132,0.760263060653487,Homo sapiens,ZNF132,tf,293T,None,None,1,ZNF132
64414|HMBOX1,0.774953316961583,Homo sapiens,HMBOX1,,K562,Erythroblast,Bone Marrow,1,HMBOX1
53399|CHD8,0.77620173203795,Homo sapiens,CHD8,cr,T47D,Epithelium,Mammary Gland,1,CHD8
71056|SETDB1,0.777502572250056,Homo sapiens,SETDB1,cr,HeLa,Epithelium,Cervix,1,SETDB1
49781|CHD7,0.778302932662872,Homo sapiens,CHD7,cr,None,iPSC,None,1,CHD7
52210|TALE,0.78119253507649,Homo sapiens,TALE,other,HEK293T,Epithelium,Embryonic Kidney,0,TALE
77054|ZNF716,0.781489116451833,Homo sapiens,ZNF716,tf,293T,None,None,1,ZNF716
58186|BANF1,0.782620921141511,Homo sapiens,BANF1,other,None,Keratinocyte,None,1,BANF1
58881|RAD21,0.782789386834599,Homo sapiens,RAD21,not sure,TF-1,Erythroblast,Bone Marrow,1,RAD21
69523|ZNF224,0.785777687767635,Homo sapiens,ZNF224,,HEK293,HEK 293 Cell Line,None,1,ZNF224
36811|GREB1,0.790214685347026,Homo sapiens,GREB1,not sure,MCF-7,Epithelium,Breast,1,GREB1
74685|NFIL3,0.795412181003837,Homo sapiens,NFIL3,tf,HepG2,Epithelium,Liver,1,NFIL3
65082|ZNF778,0.797641401380655,Homo sapiens,ZNF778,,HEK293,Epithelium,Embryonic Kidney,1,ZNF778
41168|NR1H3,0.798388989649698,Homo sapiens,NR1H3,tf,SGBS,Adipocyte,Adipose,0,NR1H3
77077|ZNF613,0.80267948313998,Homo sapiens,ZNF613,tf,293T,None,None,1,ZNF613
2|GAPDH,0.803837825273095,Homo sapiens,GAPDH,not sure,HeLa,Epithelium,Cervix,0,GAPDH
50820|EHF,0.804776965258406,Homo sapiens,EHF,tf,Calu-3,Epithelium,Lung,1,EHF
77052|ZNF736,0.805026855258177,Homo sapiens,ZNF736,other,293T,None,None,0,ZNF736
5662|POLR2M,0.809085018970796,Homo sapiens,POLR2M,tf,IMR90,Fibroblast,Lung,1,POLR2M
69232|CENPT,0.812355641359665,Homo sapiens,CENPT,other,HeLa,Epithelium,Cervix,1,CENPT
39652|SRC,0.813637321694455,Homo sapiens,SRC,not sure,LS180,Epithelium,Colon,1,SRC
77254|ZSCAN2,0.816493870430784,Homo sapiens,ZSCAN2,tf,MCF-7,None,None,1,ZSCAN2
73405|NOTCH1,0.819655708930655,Homo sapiens,NOTCH1,both predicted transcription factor and chromatin regulator,None,Neurosphere,None,1,NOTCH1
39656|NCOR1,0.820326536128675,Homo sapiens,NCOR1,cr,LS180,Epithelium,Colon,1,NCOR1
4402|MEIS1,0.820952585019845,Homo sapiens,MEIS1,tf,None,Haematopoietic Progenitor Cell,Cord blood,1,MEIS1
65106|ZNF384,0.822042540362888,Homo sapiens,ZNF384,tf,HEK293,Epithelium,Embryonic Kidney,1,ZNF384
63111|HNRNPLL,0.823537920627069,Homo sapiens,HNRNPLL,,HepG2,Epithelium,Liver,1,HNRNPLL
77127|ZNF429,0.824537715538193,Homo sapiens,ZNF429,other,293T,None,None,1,ZNF429
45389|WHSC1,0.825535018527241,Homo sapiens,WHSC1,cr,K562,Erythroblast,Bone Marrow,1,WHSC1
77129|ZNF417,0.827215908232803,Homo sapiens,ZNF417,tf,293T,None,None,1,ZNF417
51108|HSF1,0.827415439036949,Homo sapiens,HSF1,tf,HCT-116,None,Colon,1,HSF1
77193|HKR1,0.827979195121257,Homo sapiens,HKR1,tf,293T,None,None,1,HKR1
65163|ZNF667,0.830847890975588,Homo sapiens,ZNF667,,HEK293,Epithelium,Embryonic Kidney,1,ZNF667
74485|PROX1,0.831000926396947,Homo sapiens,PROX1,tf,None,Endothelial Cell,Umbilical Vein,1,PROX1
38687|TFAP2A,0.83124477153051,Homo sapiens,TFAP2A,predicted transcription factor,LoVo,None,Colon,1,TFAP2A
63598|GFI1B,0.833956758218357,Homo sapiens,GFI1B,predicted transcription factor,HEK293,Epithelium,Embryonic Kidney,1,GFI1B
65184|ZNF85,0.837717123028177,Homo sapiens,ZNF85,,HEK293,Epithelium,Embryonic Kidney,1,ZNF85
59007|LYL1,0.839184786666356,Homo sapiens,LYL1,predicted transcription factor,THP-1,Monocyte,Blood,1,LYL1
38802|MEF2D,0.840047227712392,Homo sapiens,MEF2D,tf,LoVo,None,Colon,0,MEF2D
2281|E2F1,0.8417290319572,Homo sapiens,E2F1,tf,MCF-7,Epithelium,Breast,0,E2F1
38750|ZNF407,0.843460763522513,Homo sapiens,ZNF407,tf,LoVo,None,Colon,1,ZNF407
43302|SMAD2,0.84577338559947,Homo sapiens,SMAD2,predicted transcription factor,WA09,Embryonic Stem Cell,Embryo,1,SMAD2
42801|STAT6,0.846552813328104,Homo sapiens,STAT6,tf,LoVo,None,Colon,0,STAT6
56844|KRAB,0.848023189262797,Homo sapiens,KRAB,other,K562,Erythroblast,Bone Marrow,1,KRAB
70104|DROSHA,0.848651524546067,Homo sapiens,DROSHA,,HeLa,Epithelium,Cervix,1,DROSHA
53165|ALKBH3,0.849153321040256,Homo sapiens,ALKBH3,other,PC-3,Epithelium,Prostate,1,ALKBH3
8554|PCGF5,0.849660014082924,Homo sapiens,PCGF5,predicted chromatin regulator,HEK293T,Epithelium,Embryonic Kidney,0,PCGF5
2655|PAX3,0.84984701075471,Homo sapiens,PAX3,tf,Rh4,None,Muscle,1,PAX3
38800|RORA,0.851136529112175,Homo sapiens,RORA,tf,LoVo,None,Colon,0,RORA
49638|PRKDC,0.851785970016143,Homo sapiens,PRKDC,other,MCF-7,Epithelium,Breast,0,PRKDC
49027|ERCC6,0.852640351584446,Homo sapiens,ERCC6,predicted chromatin regulator,None,Fibroblast,Skin,1,ERCC6
37055|FLI1,0.852700648702079,Homo sapiens,FLI1,tf,NB4,Promyelocytic cell,Blood,1,FLI1
77106|ZNF492,0.852892388111051,Homo sapiens,ZNF492,tf,293T,None,None,0,ZNF492
65088|ZNF41,0.853748642002471,Homo sapiens,ZNF41,,HEK293,Epithelium,Embryonic Kidney,1,ZNF41
75838|MYOG,0.854354277933978,Homo sapiens,MYOG,tf,Rh4,rhabdomyosarcoma,None,1,MYOG
38864|RXRA,0.854941259993593,Homo sapiens,RXRA,tf,LoVo,None,Colon,1,RXRA
77269|ZNF410,0.855180231535623,Homo sapiens,ZNF410,tf,K562,Erythroblast,Bone Marrow,1,ZNF410
41817|EZH2,0.856015714665094,Homo sapiens,EZH2,cr,None,iPSC,None,1,EZH2
39657|NCOR2,0.856102423236538,Homo sapiens,NCOR2,cr,LS180,Epithelium,Colon,0,NCOR2
37088|MEF2C,0.857089622422304,Homo sapiens,MEF2C,predicted transcription factor,None,Endothelial Cell,Umbilical Vein,0,MEF2C
48332|SNAI2,0.858534631161137,Homo sapiens,SNAI2,tf,None,Keratinocyte,None,1,SNAI2
76550|POLB,0.858649028738291,Homo sapiens,POLB,other,MCF-7,MCF 7 Cells,None,1,POLB
71839|ERG,0.859358372156234,Homo sapiens,ERG,other,VCaP,Epithelium,Prostate,1,ERG
42759|ELF2,0.862543276023243,Homo sapiens,ELF2,tf,LoVo,None,Colon,0,ELF2
65167|ZBTB12,0.865254941991494,Homo sapiens,ZBTB12,,HEK293,Epithelium,Embryonic Kidney,1,ZBTB12
5924|ETV4,0.865323377258373,Homo sapiens,ETV4,tf,PC-3,Epithelium,Prostate,1,ETV4
51532|PAX6,0.867389524847912,Homo sapiens,PAX6,tf,HUES64,Embryonic Stem Cell,Embryo,1,PAX6
38664|ESRRA,0.868317576082085,Homo sapiens,ESRRA,tf,LoVo,None,Colon,0,ESRRA
51560|SMAD1,0.868931571344708,Homo sapiens,SMAD1,predicted transcription factor,HUES64,Embryonic Stem Cell,Embryo,1,SMAD1
56997|DACOR1,0.869091380177358,Homo sapiens,DACOR1,other,None,None,Colon,1,DACOR1
56565|CDK9,0.869895471601107,Homo sapiens,CDK9,tf,HuCCT1,None,None,1,CDK9
73953|ZNF354A,0.870523042333213,Homo sapiens,ZNF354A,,293T,None,None,1,ZNF354A
38792|MEIS3,0.870809376723395,Homo sapiens,MEIS3,tf,LoVo,None,Colon,0,MEIS3
33466|ELF5,0.870853210847679,Homo sapiens,ELF5,tf,T47D,Epithelium,Mammary Gland,0,ELF5
64714|ZNF800,0.871672190903784,Homo sapiens,ZNF800,,HEK293,Epithelium,Embryonic Kidney,1,ZNF800
38661|CAMTA2,0.871978785051785,Homo sapiens,CAMTA2,tf,LoVo,None,Colon,1,CAMTA2
55725|SUMO2,0.872475039367312,Homo sapiens,SUMO2,other,VCaP,Epithelium,Prostate,1,SUMO2
5550|CREB1,0.874337207181257,Homo sapiens,CREB1,tf,H3396,Epithelium,Mammary Gland,1,CREB1
65207|MZF1,0.874579035920101,Homo sapiens,MZF1,tf,HEK293,Epithelium,Embryonic Kidney,1,MZF1
76971|LRWD1,0.874703503532013,Homo sapiens,LRWD1,cr,U2OS,Osteosarcoma cell,None,1,LRWD1
77060|ZNF684,0.875814088943936,Homo sapiens,ZNF684,tf,293T,None,None,1,ZNF684
65131|ZNF350,0.878553826764706,Homo sapiens,ZNF350,,HEK293,Epithelium,Embryonic Kidney,1,ZNF350
76470|MBD3L2,0.878568139649417,Homo sapiens,MBD3L2,other,None,None,None,0,MBD3L2
56433|TOP2B,0.878785808000117,Homo sapiens,TOP2B,predicted chromatin regulator,MCF-7,Epithelium,Breast,0,TOP2B
77111|ZNF480,0.878793869513131,Homo sapiens,ZNF480,tf,293T,None,None,1,ZNF480
65158|ZNF394,0.878826958010894,Homo sapiens,ZNF394,,HEK293,Epithelium,Embryonic Kidney,0,ZNF394
50402|CREBBP,0.878980684198148,Homo sapiens,CREBBP,cr,hMADS-3,Adipocyte,Adipose,0,CREBBP
74411|CTRL,0.879137466821765,Homo sapiens,CTRL,other,LNCaP,Epithelium,Prostate,1,CTRL
77161|ZNF211,0.879821485664129,Homo sapiens,ZNF211,tf,293T,None,None,1,ZNF211
62696|ZNF207,0.880588552341851,Homo sapiens,ZNF207,,MCF-7,Epithelium,Breast,1,ZNF207
77088|ZNF564,0.880610989780169,Homo sapiens,ZNF564,tf,293T,None,None,1,ZNF564
35290|BRDU,0.88163052037453,Homo sapiens,BRDU,other,HeLa-S3,Epithelium,Cervix,1,BRDU
1881|SNAPC2,0.8821257670207,Homo sapiens,SNAPC2,not sure,IMR90,Fibroblast,Lung,0,SNAPC2
41807|JARID2,0.882307145608314,Homo sapiens,JARID2,cr,Edom-iPS-2,iPSC,None,1,JARID2
76847|EBF3,0.882727241564135,Homo sapiens,EBF3,tf,SK-N-SH,Neuroblastoma cell,Brain,1,EBF3
73298|LARP7,0.882804126789555,Homo sapiens,LARP7,predicted transcription factor,HeLa,None,None,1,LARP7
1221|GLYR1,0.883090116478583,Homo sapiens,GLYR1,cr,HeLa,Epithelium,Cervix,1,GLYR1
77026|ZNF81,0.88321276126177,Homo sapiens,ZNF81,tf,293T,None,None,1,ZNF81
77135|ZNF337,0.883219423201463,Homo sapiens,ZNF337,tf,293T,None,None,1,ZNF337
1358|STAT1,0.883315373415334,Homo sapiens,STAT1,tf,HeLa-S3,Epithelium,Cervix,0,STAT1
73954|ZNF33A,0.883462294340096,Homo sapiens,ZNF33A,,293T,None,None,1,ZNF33A
77187|ZIK1,0.883693373705596,Homo sapiens,ZIK1,tf,293T,None,None,1,ZIK1
77265|ZNF75A,0.883761031085894,Homo sapiens,ZNF75A,tf,K562,Erythroblast,Bone Marrow,0,ZNF75A
5373|RUNX2,0.883813044461957,Homo sapiens,RUNX2,tf,C4-2B,Epithelium,Prostate,1,RUNX2
76475|CCNT1,0.884175462175408,Homo sapiens,CCNT1,tf,C4-2,None,Prostate,0,CCNT1
53653|CTNNB1,0.884225918593747,Homo sapiens,CTNNB1,tf,None,Embryonic Stem Cell,None,1,CTNNB1
32849|HOTAIR,0.885828298107297,Homo sapiens,HOTAIR,other,MDA-231,Epithelium,Mammary Gland,1,HOTAIR
64947|TRIM24,0.886016289297353,Homo sapiens,TRIM24,both predicted transcription factor and chromatin regulator,K562,Erythroblast,Bone Marrow,1,TRIM24
38728|CASZ1,0.886128579950696,Homo sapiens,CASZ1,tf,LoVo,None,Colon,0,CASZ1
72609|HEXIM1,0.886349098949299,Homo sapiens,HEXIM1,other,A375,Melanoma Cell,None,0,HEXIM1
57671|CBX2,0.886590897643844,Homo sapiens,CBX2,cr,K562,Erythroblast,Bone Marrow,1,CBX2
64871|ZBTB49,0.886915861251031,Homo sapiens,ZBTB49,,HEK293,Epithelium,Embryonic Kidney,1,ZBTB49
42753|BCL6,0.88734248747709,Homo sapiens,BCL6,predicted transcription factor,LoVo,None,Colon,0,BCL6
77124|ZNF432,0.887657860737747,Homo sapiens,ZNF432,tf,293T,None,None,1,ZNF432
38702|HES1,0.888085652608671,Homo sapiens,HES1,tf,LoVo,None,Colon,1,HES1
55549|BACH2,0.888160188608205,Homo sapiens,BACH2,tf,None,B Lymphocyte,None,1,BACH2
65217|ZNF502,0.889280100142672,Homo sapiens,ZNF502,,HEK293,Epithelium,Embryonic Kidney,0,ZNF502
77154|ZNF254,0.890073981974629,Homo sapiens,ZNF254,tf,293T,None,None,1,ZNF254
38837|MSX2,0.890073982077021,Homo sapiens,MSX2,tf,LoVo,None,Colon,0,MSX2
63212|MTA2,0.891079306769667,Homo sapiens,MTA2,tf,GM12878,B Lymphocyte,Blood,1,MTA2
77101|ZNF527,0.891210126417302,Homo sapiens,ZNF527,tf,293T,None,None,0,ZNF527
43095|CDK8,0.891521259048942,Homo sapiens,CDK8,tf,MM1.S,B Lymphocyte,Blood,1,CDK8
77047|ZNF75D,0.891978804362149,Homo sapiens,ZNF75D,tf,293T,None,None,1,ZNF75D
38722|DLX4,0.892030291561236,Homo sapiens,DLX4,tf,LoVo,None,Colon,0,DLX4
5563|CARM1,0.892078058873203,Homo sapiens,CARM1,cr,H3396,Epithelium,Mammary Gland,0,CARM1
45889|BDP1,0.89218003659179,Homo sapiens,BDP1,tf,K562,Erythroblast,Bone Marrow,1,BDP1
50993|MLLT3,0.892197932078134,Homo sapiens,MLLT3,not sure,None,Hematopoietic stem and progenitor cell,Cord blood,0,MLLT3
65136|ZNF184,0.89227947299463,Homo sapiens,ZNF184,,HEK293,Epithelium,Embryonic Kidney,0,ZNF184
74427|ZSCAN5A,0.892393151066476,Homo sapiens,ZSCAN5A,,BeWo,None,None,0,ZSCAN5A
65201|ZNF30,0.892482866780453,Homo sapiens,ZNF30,,HEK293,Epithelium,Embryonic Kidney,1,ZNF30
77099|ZNF530,0.892751077717009,Homo sapiens,ZNF530,tf,293T,None,None,1,ZNF530
38844|NFKB2,0.89320355179804,Homo sapiens,NFKB2,tf,LoVo,None,Colon,0,NFKB2
76837|GCSAM,0.893236851692243,Homo sapiens,GCSAM,other,HeLa,Epithelium,Cervix,1,GCSAM
77121|ZNF440,0.893319554937809,Homo sapiens,ZNF440,tf,293T,None,None,1,ZNF440
63132|PBX2,0.89375832550767,Homo sapiens,PBX2,tf,K562,Erythroblast,Bone Marrow,1,PBX2
77180|ZNF100,0.893830525685173,Homo sapiens,ZNF100,other,293T,None,None,1,ZNF100
38668|PATZ1,0.89391453238392,Homo sapiens,PATZ1,tf,LoVo,None,Colon,0,PATZ1
47085|EPAS1,0.894227269903288,Homo sapiens,EPAS1,tf,None,Macrophage,None,0,EPAS1
62880|SMARCE1,0.89482426583456,Homo sapiens,SMARCE1,,K562,Erythroblast,Bone Marrow,1,SMARCE1
38787|TBX3,0.894887754437144,Homo sapiens,TBX3,tf,LoVo,None,Colon,0,TBX3
38675|ZZZ3,0.894897191351283,Homo sapiens,ZZZ3,predicted transcription factor,LoVo,None,Colon,0,ZZZ3
77053|ZNF730,0.895133327301592,Homo sapiens,ZNF730,other,293T,None,None,1,ZNF730
68780|TOP1,0.896337322629931,Homo sapiens,TOP1,not sure,HCT-116,Colon cancer cell,Colon,1,TOP1
64950|SNRNP70,0.896394552528761,Homo sapiens,SNRNP70,,HepG2,Epithelium,Liver,0,SNRNP70
48181|EBF1,0.896693396592645,Homo sapiens,EBF1,tf,None,Adipocyte,Adipose,0,EBF1
64875|IRF9,0.896822876914125,Homo sapiens,IRF9,tf,K562,Erythroblast,Bone Marrow,1,IRF9
49616|RARA,0.897223484251828,Homo sapiens,RARA,tf,MCF-7,Epithelium,Breast,1,RARA
68233|POU2F1,0.897612763063071,Homo sapiens,POU2F1,tf,VCaP,Epithelium,Prostate,1,POU2F1
65194|ZNF331,0.898110412747552,Homo sapiens,ZNF331,,HEK293,Epithelium,Embryonic Kidney,1,ZNF331
38841|CREB3,0.898264160888094,Homo sapiens,CREB3,tf,LoVo,None,Colon,1,CREB3
65113|ZNF140,0.898479228966673,Homo sapiens,ZNF140,,HEK293,Epithelium,Embryonic Kidney,1,ZNF140
65099|ZFP42,0.899020717180629,Homo sapiens,ZFP42,tf,HEK293,Epithelium,Embryonic Kidney,0,ZFP42
54631|NCAPG2,0.89914457202326,Homo sapiens,NCAPG2,predicted chromatin regulator,MCF-7,Epithelium,Breast,1,NCAPG2
77363|ZNF516,0.89969080691973,Homo sapiens,ZNF516,tf,MCF-7,None,Breast,1,ZNF516
53636|STAT5B,0.900228653353378,Homo sapiens,STAT5B,tf,None,T Lymphocyte,Blood,0,STAT5B
38639|LEF1,0.900233576179201,Homo sapiens,LEF1,tf,LoVo,None,Colon,0,LEF1
42732|KMT2B,0.900661631674044,Homo sapiens,KMT2B,cr,LoVo,None,Colon,0,KMT2B
36238|TTF2,0.901383278338618,Homo sapiens,TTF2,tf,HeLa,Epithelium,Cervix,0,TTF2
35485|TCF7L1,0.902104639505395,Homo sapiens,TCF7L1,tf,CCRF-CEM,T Lymphocyte,Blood,0,TCF7L1
64828|ZEB1,0.902149821375605,Homo sapiens,ZEB1,tf,HEK293,Epithelium,Embryonic Kidney,1,ZEB1
58061|ZNF165,0.902328731360415,Homo sapiens,ZNF165,tf,WHIM12,Epithelium,Breast,0,ZNF165
49544|BRD2,0.902486826181431,Homo sapiens,BRD2,predicted chromatin regulator,H9,Embryonic Stem Cell,Embryo,0,BRD2
77084|ZNF570,0.902621346854694,Homo sapiens,ZNF570,tf,293T,None,None,1,ZNF570
73936|ZNF641,0.903081875345575,Homo sapiens,ZNF641,,293T,None,None,0,ZNF641
62960|H3F3A,0.903520203995348,Homo sapiens,H3F3A,,MCF-7,Epithelium,Breast,1,H3F3A
76942|SRPK2,0.903856985807826,Homo sapiens,SRPK2,other,MCF-10A,Epithelium,None,1,SRPK2
73964|ZNF264,0.903865731993379,Homo sapiens,ZNF264,,293T,None,None,0,ZNF264
64174|ZNF580,0.903908962389489,Homo sapiens,ZNF580,,HEK293,Epithelium,Embryonic Kidney,1,ZNF580
76966|CNOT3,0.904110236043865,Homo sapiens,CNOT3,tf,None,None,Snap-frozen tissue,0,CNOT3
38656|MSX1,0.904394551756964,Homo sapiens,MSX1,tf,LoVo,None,Colon,0,MSX1
58467|ARID2,0.904407109455241,Homo sapiens,ARID2,predicted transcription factor,HepG2,Epithelium,Liver,0,ARID2
77123|ZNF433,0.904457837556868,Homo sapiens,ZNF433,tf,293T,None,None,1,ZNF433
35874|BRD3,0.907017734631251,Homo sapiens,BRD3,predicted chromatin regulator,HEK293,Epithelium,Embryonic Kidney,1,BRD3
62587|MCM7,0.907465401174882,Homo sapiens,MCM7,,K562,Erythroblast,Bone Marrow,1,MCM7
38081|SSRP1,0.907811653819598,Homo sapiens,SSRP1,cr,HT1080,None,Connective Tissue,1,SSRP1
55293|WWTR1,0.907984228950904,Homo sapiens,WWTR1,other,MDA-MB-231,Epithelium,Breast,1,WWTR1
42887|ZNF280D,0.908016321103762,Homo sapiens,ZNF280D,predicted transcription factor,LoVo,None,Colon,0,ZNF280D
73981|PRDM9,0.90822184299674,Homo sapiens,PRDM9,predicted transcription factor,293T,None,None,0,PRDM9
76667|PAX8,0.90826192068713,Homo sapiens,PAX8,tf,FT194,None,Fallopian tube secretory,0,PAX8
77233|FOXR2,0.908429166111338,Homo sapiens,FOXR2,tf,MDA-MB-468,None,Breast,0,FOXR2
38709|GLIS3,0.908504199574491,Homo sapiens,GLIS3,tf,LoVo,None,Colon,0,GLIS3
68020|KDM2B,0.909075252875155,Homo sapiens,KDM2B,cr,K562,Leukemia Cell,None,1,KDM2B
42796|PBX1,0.909557346046263,Homo sapiens,PBX1,tf,LoVo,None,Colon,0,PBX1
76941|SRPK1,0.909738422302276,Homo sapiens,SRPK1,other,MCF-10A,Epithelium,None,1,SRPK1
77125|ZNF431,0.91034394674564,Homo sapiens,ZNF431,tf,293T,None,None,0,ZNF431
77191|ZFP14,0.910760418914208,Homo sapiens,ZFP14,tf,293T,None,None,1,ZFP14
38680|JDP2,0.910808229098726,Homo sapiens,JDP2,tf,LoVo,None,Colon,0,JDP2
65107|ZNF418,0.911082252046515,Homo sapiens,ZNF418,,HEK293,Epithelium,Embryonic Kidney,1,ZNF418
77144|ZNF287,0.911498026401569,Homo sapiens,ZNF287,tf,293T,None,None,1,ZNF287
73975|ZNF12,0.911531779407658,Homo sapiens,ZNF12,predicted transcription factor,293T,None,None,1,ZNF12
8814|KDM5B,0.911748560158021,Homo sapiens,KDM5B,cr,H1,Embryonic Stem Cell,Embryo,0,KDM5B
38641|ATF5,0.91189726943597,Homo sapiens,ATF5,tf,LoVo,None,Colon,0,ATF5
38849|MEIS2,0.911948025362865,Homo sapiens,MEIS2,tf,LoVo,None,Colon,0,MEIS2
38803|XBP1,0.911968323311707,Homo sapiens,XBP1,tf,LoVo,None,Colon,0,XBP1
63225|HNF4G,0.9124656914167,Homo sapiens,HNF4G,predicted transcription factor,None,None,Liver,1,HNF4G
37389|TCF12,0.912964449873821,Homo sapiens,TCF12,tf,Jurkat E6-1,T Lymphocyte,Blood,1,TCF12
8396|NR1H2,0.913152424655765,Homo sapiens,NR1H2,tf,THP-1,Monocyte,Blood,0,NR1H2
57112|EPO,0.913157536173253,Homo sapiens,EPO,not sure,RL95-2,None,Uterus,1,EPO
77031|ZNF799,0.91351368638109,Homo sapiens,ZNF799,tf,293T,None,None,1,ZNF799
5777|E2F7,0.913726095242184,Homo sapiens,E2F7,tf,HeLa,Epithelium,Cervix,0,E2F7
38865|E2F2,0.913801940046173,Homo sapiens,E2F2,tf,LoVo,None,Colon,1,E2F2
55660|NR0B2,0.913859138350862,Homo sapiens,NR0B2,tf,HCT-116,None,Colon,1,NR0B2
36352|PAF1,0.913946483900907,Homo sapiens,PAF1,not sure,A549,Epithelium,Lung,1,PAF1
55642|AFF4,0.914328941200339,Homo sapiens,AFF4,tf,HCT-116,None,Colon,1,AFF4
77126|ZNF430,0.914840800638619,Homo sapiens,ZNF430,tf,293T,None,None,1,ZNF430
57945|SOX15,0.915112173853461,Homo sapiens,SOX15,tf,CP-A,Epithelium,Esophagus,0,SOX15
73723|STAT5A,0.915237972281385,Homo sapiens,STAT5A,tf,None,T Lymphocyte,None,1,STAT5A
41726|TFAM,0.915546917468364,Homo sapiens,TFAM,tf,HeLa,Epithelium,Cervix,0,TFAM
74214|SUZ12,0.915751899958921,Homo sapiens,SUZ12,cr,SF8628,None,Pontine,1,SUZ12
38714|E2F4,0.916550447452321,Homo sapiens,E2F4,tf,LoVo,None,Colon,0,E2F4
65121|ZBTB26,0.916560016437341,Homo sapiens,ZBTB26,,HEK293,Epithelium,Embryonic Kidney,1,ZBTB26
33850|SF1,0.916883279993513,Homo sapiens,SF1,not sure,H295R,Epithelium,Adrenal Gland,1,SF1
55541|RAG1,0.917167013604937,Homo sapiens,RAG1,cr,Ramos,Thymocyte,None,1,RAG1
49421|RB1,0.917250707247623,Homo sapiens,RB1,tf,IMR90,Fibroblast,Lung,0,RB1
58463|ARID1A,0.917279189585729,Homo sapiens,ARID1A,predicted transcription factor,HepG2,Epithelium,Liver,0,ARID1A
65066|ZSCAN29,0.917325130864684,Homo sapiens,ZSCAN29,,HEK293,Epithelium,Embryonic Kidney,1,ZSCAN29
77086|ZNF566,0.917637975501127,Homo sapiens,ZNF566,tf,293T,None,None,1,ZNF566
42849|FOXO4,0.917868785005164,Homo sapiens,FOXO4,tf,LoVo,None,Colon,0,FOXO4
77074|ZNF616,0.917951684693675,Homo sapiens,ZNF616,tf,293T,None,None,1,ZNF616
73931|ZNF707,0.91797756363652,Homo sapiens,ZNF707,,293T,None,None,1,ZNF707
73944|ZNF528,0.918106580275055,Homo sapiens,ZNF528,,293T,None,None,1,ZNF528
42694|MSC,0.918141040429282,Homo sapiens,MSC,tf,LoVo,None,Colon,0,MSC
77139|ZNF311,0.918164927897902,Homo sapiens,ZNF311,other,293T,None,None,1,ZNF311
38767|MAX,0.918189257891933,Homo sapiens,MAX,tf,LoVo,None,Colon,0,MAX
42858|NKX2-3,0.918189257891933,Homo sapiens,NKX2-3,tf,LoVo,None,Colon,0,NKX2-3
42648|CAMTA1,0.918189257891933,Homo sapiens,CAMTA1,tf,LoVo,None,Colon,0,CAMTA1
42764|HOXB8,0.918189711496291,Homo sapiens,HOXB8,tf,LoVo,None,Colon,0,HOXB8
42851|HOXC11,0.918189711496291,Homo sapiens,HOXC11,tf,LoVo,None,Colon,0,HOXC11
42769|JAZF1,0.918189711496291,Homo sapiens,JAZF1,not sure,LoVo,None,Colon,0,JAZF1
38769|TFEB,0.918189711496291,Homo sapiens,TFEB,tf,LoVo,None,Colon,0,TFEB
8778|HDAC6,0.91828174148023,Homo sapiens,HDAC6,cr,K562,Erythroblast,Bone Marrow,1,HDAC6
63187|SIX4,0.918308520676304,Homo sapiens,SIX4,tf,MCF-7,Epithelium,Breast,1,SIX4
42826|FOXC1,0.918329733801466,Homo sapiens,FOXC1,tf,LoVo,None,Colon,0,FOXC1
42809|ARNTL2,0.918329733801466,Homo sapiens,ARNTL2,tf,LoVo,None,Colon,0,ARNTL2
42816|CDC5L,0.918329733801466,Homo sapiens,CDC5L,not sure,LoVo,None,Colon,0,CDC5L
76414|PMEL,0.918329733801466,Homo sapiens,PMEL,other,None,None,None,0,PMEL
55219|598-SKD,0.918614044442279,Homo sapiens,598-SKD,other,HeLa,Epithelium,Cervix,1,598-SKD
42822|DRAP1,0.91866395817351,Homo sapiens,DRAP1,tf,LoVo,None,Colon,0,DRAP1
42879|ZBTB39,0.91866395817351,Homo sapiens,ZBTB39,tf,LoVo,None,Colon,0,ZBTB39
74677|ZMYM3,0.918671116381055,Homo sapiens,ZMYM3,,HepG2,Epithelium,Liver,1,ZMYM3
77025|ZNF823,0.91882570229492,Homo sapiens,ZNF823,tf,293T,None,None,1,ZNF823
42803|UBP1,0.918841747738122,Homo sapiens,UBP1,tf,LoVo,None,Colon,0,UBP1
70227|DNMT3B,0.919487622087385,Homo sapiens,DNMT3B,cr,None,Stem cell,Foreskin,0,DNMT3B
74383|IL1B,0.919490308320937,Homo sapiens,IL1B,other,MCF-7,None,Breast,0,IL1B
77097|ZNF540,0.91964428614581,Homo sapiens,ZNF540,tf,293T,None,None,1,ZNF540
65196|ZNF586,0.919794433492541,Homo sapiens,ZNF586,,HEK293,Epithelium,Embryonic Kidney,1,ZNF586
77056|ZNF705G,0.919804956332744,Homo sapiens,ZNF705G,other,293T,None,None,0,ZNF705G
65150|SNAI1,0.919884921219371,Homo sapiens,SNAI1,tf,HEK293,Epithelium,Embryonic Kidney,0,SNAI1
38840|ALX4,0.919899422570616,Homo sapiens,ALX4,tf,LoVo,None,Colon,0,ALX4
42841|MEOX2,0.919904102692229,Homo sapiens,MEOX2,tf,LoVo,None,Colon,0,MEOX2
42815|BRCA1,0.919904102692229,Homo sapiens,BRCA1,predicted chromatin regulator,LoVo,None,Colon,0,BRCA1
42824|ELF4,0.919904102692229,Homo sapiens,ELF4,tf,LoVo,None,Colon,0,ELF4
42835|HOXD1,0.919904102692229,Homo sapiens,HOXD1,tf,LoVo,None,Colon,0,HOXD1
38776|TFDP2,0.919904532596964,Homo sapiens,TFDP2,tf,LoVo,None,Colon,0,TFDP2
40319|SIRT3,0.919904915617256,Homo sapiens,SIRT3,cr,U2OS,None,Bone,0,SIRT3
42818|CREBL2,0.919942710345286,Homo sapiens,CREBL2,tf,LoVo,None,Colon,0,CREBL2
49198|F2RL1,0.919942710345286,Homo sapiens,F2RL1,not sure,HEK293,Epithelium,Embryonic Kidney,0,F2RL1
42842|MXI1,0.919942710345286,Homo sapiens,MXI1,tf,LoVo,None,Colon,0,MXI1
42740|NR2E3,0.919942710345286,Homo sapiens,NR2E3,tf,LoVo,None,Colon,0,NR2E3
38810|NFATC4,0.919943145121374,Homo sapiens,NFATC4,tf,LoVo,None,Colon,0,NFATC4
38862|HSF2,0.919943145121374,Homo sapiens,HSF2,tf,LoVo,None,Colon,0,HSF2
38855|SRF,0.919943145121374,Homo sapiens,SRF,tf,LoVo,None,Colon,0,SRF
35572|RCOR1,0.920076386256391,Homo sapiens,RCOR1,both predicted transcription factor and chromatin regulator,HeLa-S3,Epithelium,Cervix,1,RCOR1
1144|ELL2,0.920101143920709,Homo sapiens,ELL2,predicted chromatin regulator,HCT-116,None,Colon,1,ELL2
8551|PCGF1,0.920124550402881,Homo sapiens,PCGF1,cr,HEK293T,Epithelium,Embryonic Kidney,0,PCGF1
35559|SFMBT1,0.920169115075779,Homo sapiens,SFMBT1,other,HeLa-S3,Epithelium,Cervix,1,SFMBT1
42827|FOXF2,0.920195976364012,Homo sapiens,FOXF2,predicted transcription factor,LoVo,None,Colon,0,FOXF2
68909|KDM5C,0.920197035194029,Homo sapiens,KDM5C,cr,ZR-75-30,None,None,0,KDM5C
52718|DYRK1A,0.920225125957669,Homo sapiens,DYRK1A,not sure,HeLa,Epithelium,Cervix,0,DYRK1A
42811|BBX,0.920237216089282,Homo sapiens,BBX,tf,LoVo,None,Colon,0,BBX
38775|CIC,0.920286058236059,Homo sapiens,CIC,tf,LoVo,None,Colon,0,CIC
33863|SMARCB1,0.920301957493904,Homo sapiens,SMARCB1,cr,NCCIT,None,Embryo,0,SMARCB1
42837|KCMF1,0.920946589887186,Homo sapiens,KCMF1,not sure,LoVo,None,Colon,0,KCMF1
42709|ATF6,0.920956514879146,Homo sapiens,ATF6,tf,LoVo,None,Colon,0,ATF6
38801|ETV6,0.920963870411331,Homo sapiens,ETV6,tf,LoVo,None,Colon,0,ETV6
77162|ZNF205,0.921151306943008,Homo sapiens,ZNF205,tf,293T,None,None,1,ZNF205
37184|STAT4,0.921177182165993,Homo sapiens,STAT4,tf,None,Monocyte,Blood,0,STAT4
8525|HNRNPL,0.921196942267052,Homo sapiens,HNRNPL,predicted transcription factor,HeLa,Epithelium,Cervix,0,HNRNPL
72425|ORC2,0.921233507534929,Homo sapiens,ORC2,tf,K562,Erythroblast,Bone Marrow,0,ORC2
42821|DMRT2,0.921331421185552,Homo sapiens,DMRT2,tf,LoVo,None,Colon,0,DMRT2
42817|CDX1,0.921345367185343,Homo sapiens,CDX1,tf,LoVo,None,Colon,0,CDX1
42681|IRF8,0.921358617830386,Homo sapiens,IRF8,tf,LoVo,None,Colon,0,IRF8
42665|HIC2,0.921358617830386,Homo sapiens,HIC2,tf,LoVo,None,Colon,0,HIC2
42647|BHLHE41,0.921358617830386,Homo sapiens,BHLHE41,tf,LoVo,None,Colon,0,BHLHE41
42659|FOXP2,0.921359040688327,Homo sapiens,FOXP2,tf,LoVo,None,Colon,0,FOXP2
53471|SVIL,0.921359040688327,Homo sapiens,SVIL,other,SH-SY5Y,None,Bone Marrow,1,SVIL
42853|IRX2,0.921359040688327,Homo sapiens,IRX2,tf,LoVo,None,Colon,0,IRX2
74561|CHD1,0.921367076501441,Homo sapiens,CHD1,predicted chromatin regulator,None,None,Prostate,0,CHD1
77170|ZNF169,0.921392140178884,Homo sapiens,ZNF169,tf,293T,None,None,1,ZNF169
77533|H2AK119ub,0.921419444422549,Homo sapiens,H2AK119ub,,None,Fibroblast,None,1,H2AK119ub
42874|TSHZ1,0.921419529453671,Homo sapiens,TSHZ1,tf,LoVo,None,Colon,0,TSHZ1
42860|PCF11,0.921450166343408,Homo sapiens,PCF11,not sure,LoVo,None,Colon,0,PCF11
49180|EGFA-T1,0.921539686755924,Homo sapiens,EGFA-T1,other,HEK293T,Epithelium,Embryonic Kidney,0,EGFA-T1
42791|TERF2,0.921545525171889,Homo sapiens,TERF2,predicted chromatin regulator,LoVo,None,Colon,0,TERF2
65148|GLI4,0.921603276424343,Homo sapiens,GLI4,,HEK293,Epithelium,Embryonic Kidney,0,GLI4
42820|DDIT3,0.921656042913175,Homo sapiens,DDIT3,tf,LoVo,None,Colon,0,DDIT3
8784|CHD3,0.921991860233708,Homo sapiens,CHD3,cr,K562,Erythroblast,Bone Marrow,0,CHD3
45381|CHD4,0.921991860233708,Homo sapiens,CHD4,cr,K562,Erythroblast,Bone Marrow,0,CHD4
36367|LMO1,0.922029893108058,Homo sapiens,LMO1,not sure,Jurkat E6-1,T Lymphocyte,Blood,0,LMO1
53091|HOXB7,0.922086286578189,Homo sapiens,HOXB7,tf,BT-474,Epithelium,Mammary Gland,0,HOXB7
44056|ARRB1,0.92221035494506,Homo sapiens,ARRB1,tf,A549,Epithelium,Lung,0,ARRB1
42828|FOXJ2,0.922267921143557,Homo sapiens,FOXJ2,tf,LoVo,None,Colon,0,FOXJ2
45921|BRF2,0.922403379995596,Homo sapiens,BRF2,tf,K562,Erythroblast,Bone Marrow,0,BRF2
51599|STAT3,0.922474134749043,Homo sapiens,STAT3,tf,HUES64,Embryonic Stem Cell,Embryo,0,STAT3
76411|ESCO2,0.922513011531578,Homo sapiens,ESCO2,other,None,None,None,1,ESCO2
52587|WIZ,0.922534049849846,Homo sapiens,WIZ,other,HEK293T,Epithelium,Embryonic Kidney,1,WIZ
52586|ZNF644,0.922534049849846,Homo sapiens,ZNF644,predicted transcription factor,HEK293T,Epithelium,Embryonic Kidney,0,ZNF644
63011|ZNF697,0.922596689342262,Homo sapiens,ZNF697,,HEK293,Epithelium,Embryonic Kidney,1,ZNF697
5390|SP1,0.92262284907422,Homo sapiens,SP1,predicted chromatin regulator,HCT-116,None,Colon,0,SP1
46283|MEF2A,0.922663145463201,Homo sapiens,MEF2A,tf,K562,Erythroblast,Bone Marrow,1,MEF2A
42873|TOE1,0.922774112934134,Homo sapiens,TOE1,not sure,LoVo,None,Colon,0,TOE1
42739|NR1I2,0.922943218294529,Homo sapiens,NR1I2,tf,LoVo,None,Colon,0,NR1I2
42688|LHX4,0.922986528929359,Homo sapiens,LHX4,tf,LoVo,None,Colon,1,LHX4
42682|IRX5,0.92301305555118,Homo sapiens,IRX5,tf,LoVo,None,Colon,0,IRX5
76829|PGBD5,0.923017547256732,Homo sapiens,PGBD5,other,G-401,None,Kidney,0,PGBD5
51550|SALL4,0.92303394098751,Homo sapiens,SALL4,tf,HUES64,Embryonic Stem Cell,Embryo,0,SALL4
42695|MTF1,0.92317676089339,Homo sapiens,MTF1,cr,LoVo,None,Colon,0,MTF1
43685|KDM4C,0.923218269036245,Homo sapiens,KDM4C,cr,KYSE-150,Epitheloid Cell,Esophagus,0,KDM4C
38717|CREM,0.923356494169828,Homo sapiens,CREM,tf,LoVo,None,Colon,1,CREM
4421|PML,0.923650858807195,Homo sapiens,PML,tf,None,Promyelocytic cell,Bone Marrow,0,PML
52109|CGGBP1,0.92389896526909,Homo sapiens,CGGBP1,tf,1064Sk,Epidermal cell,Foreskin,0,CGGBP1
1348|SMC4,0.924078019430021,Homo sapiens,SMC4,predicted chromatin regulator,HeLa,Epithelium,Cervix,0,SMC4
42885|ZNF263,0.924154841924461,Homo sapiens,ZNF263,predicted transcription factor,LoVo,None,Colon,0,ZNF263
65130|ZFP64,0.924169973660716,Homo sapiens,ZFP64,,HEK293,Epithelium,Embryonic Kidney,0,ZFP64
32947|NUP98,0.924248650257299,Homo sapiens,NUP98,other,None,Neuron,None,1,NUP98
42857|NFIB,0.92426363075734,Homo sapiens,NFIB,predicted transcription factor,LoVo,None,Colon,0,NFIB
42684|KLF13,0.924298994081221,Homo sapiens,KLF13,tf,LoVo,None,Colon,0,KLF13
58994|FUS,0.924309167641666,Homo sapiens,FUS,other,HEK293,Epithelium,Embryonic Kidney,0,FUS
63060|DPF2,0.924342316213717,Homo sapiens,DPF2,,MCF-7,Epithelium,Breast,1,DPF2
43548|C10orf12,0.924359387235958,Homo sapiens,C10orf12,not sure,HEK293T,Epithelium,Embryonic Kidney,0,C10orf12
69216|BIRA,0.924381252914448,Homo sapiens,BIRA,not sure,BJAB,GCB DLBCL cells,None,0,BIRA
65101|GTF3A,0.924427055429463,Homo sapiens,GTF3A,,HEK293,Epithelium,Embryonic Kidney,0,GTF3A
731|ZNF274,0.924565698531738,Homo sapiens,ZNF274,predicted transcription factor,GM12878,B Lymphocyte,Blood,0,ZNF274
73967|ZNF225,0.924621343034175,Homo sapiens,ZNF225,other,293T,None,None,1,ZNF225
42699|NHLH1,0.924685474999951,Homo sapiens,NHLH1,predicted transcription factor,LoVo,None,Colon,0,NHLH1
65083|ZNF582,0.924740155208687,Homo sapiens,ZNF582,,HEK293,Epithelium,Embryonic Kidney,0,ZNF582
"52213|HBG1, HBG2",0.925018079987648,Homo sapiens,"HBG1, HBG2",other,HEK293T,Epithelium,Embryonic Kidney,0,"HBG1, HBG2"
42799|RFX5,0.925087316681885,Homo sapiens,RFX5,tf,LoVo,None,Colon,0,RFX5
4516|RXRG,0.925101925599304,Homo sapiens,RXRG,tf,None,Promyelocytic cell,Bone Marrow,1,RXRG
5891|MYBL2,0.92511961309881,Homo sapiens,MYBL2,tf,HeLa,Epithelium,Cervix,0,MYBL2
67833|EBNA3A,0.92517420465989,Homo sapiens,EBNA3A,other,None,Lymphoblast,None,0,EBNA3A
70117|NEUROD1,0.9252694840563,Homo sapiens,NEUROD1,tf,NCI-H889,None,None,1,NEUROD1
42861|PLAG1,0.925381459032086,Homo sapiens,PLAG1,tf,LoVo,None,Colon,0,PLAG1
77085|ZNF567,0.92540127450436,Homo sapiens,ZNF567,tf,293T,None,None,1,ZNF567
42751|BACH1,0.925463628636951,Homo sapiens,BACH1,tf,LoVo,None,Colon,0,BACH1
77242|ZMYND11,0.925472750999141,Homo sapiens,ZMYND11,predicted chromatin regulator,DU145,Epithelium,Prostate,1,ZMYND11
65068|ZNF214,0.925621045658927,Homo sapiens,ZNF214,,HEK293,Epithelium,Embryonic Kidney,0,ZNF214
42813|BHLHE40,0.925733804393751,Homo sapiens,BHLHE40,predicted transcription factor,LoVo,None,Colon,0,BHLHE40
42881|ZBTB4,0.925771589957641,Homo sapiens,ZBTB4,tf,LoVo,None,Colon,0,ZBTB4
42644|ATF7,0.925868991685272,Homo sapiens,ATF7,tf,LoVo,None,Colon,0,ATF7
65172|ZNF22,0.925868991685272,Homo sapiens,ZNF22,,HEK293,Epithelium,Embryonic Kidney,0,ZNF22
42643|ARNTL,0.925869370548723,Homo sapiens,ARNTL,predicted transcription factor,LoVo,None,Colon,0,ARNTL
38688|NKX2-5,0.925895037725593,Homo sapiens,NKX2-5,tf,LoVo,None,Colon,0,NKX2-5
51508|KLF5,0.925913434906875,Homo sapiens,KLF5,tf,HUES64,Embryonic Stem Cell,Embryo,1,KLF5
42830|GZF1,0.925915981318766,Homo sapiens,GZF1,tf,LoVo,None,Colon,0,GZF1
42670|HOXB1,0.926070125381189,Homo sapiens,HOXB1,tf,LoVo,None,Colon,0,HOXB1
42676|HOXD9,0.926070499966344,Homo sapiens,HOXD9,tf,LoVo,None,Colon,0,HOXD9
42656|FOXF1,0.926091535627682,Homo sapiens,FOXF1,predicted transcription factor,LoVo,None,Colon,0,FOXF1
42677|ID4,0.926091535627682,Homo sapiens,ID4,predicted transcription factor,LoVo,None,Colon,0,ID4
58995|EWSR1,0.926120903594983,Homo sapiens,EWSR1,tf,HEK293,Epithelium,Embryonic Kidney,0,EWSR1
63904|ZNF438,0.926318244790067,Homo sapiens,ZNF438,,HEK293,Epithelium,Embryonic Kidney,1,ZNF438
70557|ZNF335,0.926579500245925,Homo sapiens,ZNF335,tf,Jurkat,T Lymphocyte,Blood,1,ZNF335
8813|KDM5A,0.927122623295925,Homo sapiens,KDM5A,cr,H1,Embryonic Stem Cell,Embryo,0,KDM5A
42856|NFE2L3,0.927211693456307,Homo sapiens,NFE2L3,tf,LoVo,None,Colon,0,NFE2L3
42675|HOXD4,0.927211693456307,Homo sapiens,HOXD4,tf,LoVo,None,Colon,0,HOXD4
42663|HESX1,0.927211693456307,Homo sapiens,HESX1,tf,LoVo,None,Colon,1,HESX1
42679|IRF3,0.927212056752885,Homo sapiens,IRF3,tf,LoVo,None,Colon,0,IRF3
42672|HOXB5,0.927212056752885,Homo sapiens,HOXB5,tf,LoVo,None,Colon,0,HOXB5
42855|MYBL1,0.927262097348855,Homo sapiens,MYBL1,tf,LoVo,None,Colon,0,MYBL1
76572|CENPC,0.927358848600605,Homo sapiens,CENPC,other,HeLa,Epithelium,Cervix,1,CENPC
42889|ZNF581,0.927382216902335,Homo sapiens,ZNF581,predicted transcription factor,LoVo,None,Colon,0,ZNF581
42651|EVX1,0.927391477699747,Homo sapiens,EVX1,tf,LoVo,None,Colon,0,EVX1
38733|HIF1A,0.927391477699747,Homo sapiens,HIF1A,predicted chromatin regulator,LoVo,None,Colon,0,HIF1A
42657|FOXK1,0.927391477699747,Homo sapiens,FOXK1,tf,LoVo,None,Colon,0,FOXK1
42669|HOXA11,0.927391844238118,Homo sapiens,HOXA11,tf,LoVo,None,Colon,0,HOXA11
77119|ZNF442,0.927398593840385,Homo sapiens,ZNF442,tf,293T,None,None,1,ZNF442
42871|TFCP2,0.927423827747925,Homo sapiens,TFCP2,tf,LoVo,None,Colon,0,TFCP2
42745|RELB,0.927429814755959,Homo sapiens,RELB,tf,LoVo,None,Colon,0,RELB
42808|ADNP2,0.927473776028968,Homo sapiens,ADNP2,tf,LoVo,None,Colon,1,ADNP2
42716|HES4,0.927611805692332,Homo sapiens,HES4,tf,LoVo,None,Colon,0,HES4
279|BRD7,0.927613421117374,Homo sapiens,BRD7,tf,BJ,Fibroblast,Skin,0,BRD7
56895|MAP1LC3A,0.927630197142223,Homo sapiens,MAP1LC3A,other,IMR90,Fibroblast,Lung,0,MAP1LC3A
42696|MYF6,0.927630941209294,Homo sapiens,MYF6,tf,LoVo,None,Colon,1,MYF6
38637|OTX1,0.927668192777998,Homo sapiens,OTX1,tf,LoVo,None,Colon,0,OTX1
38648|GLI1,0.927690730830694,Homo sapiens,GLI1,tf,LoVo,None,Colon,0,GLI1
42673|HOXD11,0.927722228120286,Homo sapiens,HOXD11,tf,LoVo,None,Colon,0,HOXD11
2638|EBNA1BP2,0.927727118609606,Homo sapiens,EBNA1BP2,not sure,Raji,B Lymphocyte,Blood,1,EBNA1BP2
63853|BCL3,0.927853604845744,Homo sapiens,BCL3,tf,A549,Epithelium,Lung,0,BCL3
77050|ZNF749,0.927966746826237,Homo sapiens,ZNF749,tf,293T,None,None,1,ZNF749
58136|ARID3B,0.927976596587511,Homo sapiens,ARID3B,predicted transcription factor,OECM1,None,Head and neck,1,ARID3B
36659|YBX1,0.928000074837406,Homo sapiens,YBX1,tf,HEK293,Epithelium,Embryonic Kidney,1,YBX1
38748|PAX2,0.928124741269603,Homo sapiens,PAX2,tf,LoVo,None,Colon,0,PAX2
76675|HP1BP3,0.928321443729761,Homo sapiens,HP1BP3,other,HeLa,None,None,0,HP1BP3
76586|SIX1,0.928461047986063,Homo sapiens,SIX1,other,None,Cortex,Kidney,1,SIX1
38665|CBFB,0.928495060854352,Homo sapiens,CBFB,predicted transcription factor,LoVo,None,Colon,0,CBFB
42652|FERD3L,0.92871016217511,Homo sapiens,FERD3L,tf,LoVo,None,Colon,0,FERD3L
40156|LMO2,0.928746392429236,Homo sapiens,LMO2,not sure,Kasumi-1,Myeloblast,Blood,0,LMO2
43557|CBX7,0.928791982626585,Homo sapiens,CBX7,cr,None,Epithelium,Mammary Gland,1,CBX7
2972|ATF7IP,0.928839443627864,Homo sapiens,ATF7IP,cr,WM262,Melanocyte,Skin,1,ATF7IP
38828|BTF3,0.928928374190439,Homo sapiens,BTF3,tf,LoVo,None,Colon,0,BTF3
77151|ZNF26,0.929096622472086,Homo sapiens,ZNF26,tf,293T,None,None,1,ZNF26
54114|AGO2,0.92922021939983,Homo sapiens,AGO2,other,K562,Erythroblast,Bone Marrow,0,AGO2
73927|ZNF792,0.929226631803624,Homo sapiens,ZNF792,,293T,None,None,1,ZNF792
38745|PITX1,0.92929054265671,Homo sapiens,PITX1,tf,LoVo,None,Colon,0,PITX1
42736|NCOA3,0.929389869670956,Homo sapiens,NCOA3,cr,LoVo,None,Colon,0,NCOA3
38816|IRX3,0.929789945015695,Homo sapiens,IRX3,tf,LoVo,None,Colon,0,IRX3
77138|ZNF324B,0.929938783413129,Homo sapiens,ZNF324B,tf,293T,None,None,0,ZNF324B
42674|HOXD13,0.929954385023718,Homo sapiens,HOXD13,tf,LoVo,None,Colon,0,HOXD13
42678|IKZF5,0.929954385023718,Homo sapiens,IKZF5,tf,LoVo,None,Colon,0,IKZF5
64445|OVOL3,0.930069769264605,Homo sapiens,OVOL3,,HEK293,Epithelium,Embryonic Kidney,1,OVOL3
38764|ZNF706,0.930094910336531,Homo sapiens,ZNF706,tf,LoVo,None,Colon,0,ZNF706
42868|SNAPC4,0.930109312781931,Homo sapiens,SNAPC4,not sure,LoVo,None,Colon,0,SNAPC4
77080|ZNF587,0.930177806284503,Homo sapiens,ZNF587,tf,293T,None,None,1,ZNF587
42944|RFX2,0.930242897466008,Homo sapiens,RFX2,tf,GP5d,None,Colon,0,RFX2
63819|ZNF740,0.930365970818613,Homo sapiens,ZNF740,,K562,Erythroblast,Bone Marrow,1,ZNF740
42823|EGR2,0.930411999084733,Homo sapiens,EGR2,tf,LoVo,None,Colon,1,EGR2
77022|ZNF879,0.930443545755376,Homo sapiens,ZNF879,tf,293T,None,None,1,ZNF879
38701|NFATC1,0.930509213250576,Homo sapiens,NFATC1,tf,LoVo,None,Colon,0,NFATC1
38725|TFE3,0.930549235433969,Homo sapiens,TFE3,tf,LoVo,None,Colon,0,TFE3
2241|MED12,0.930663588629031,Homo sapiens,MED12,predicted transcription factor,LNCaP,Epithelium,Prostate,0,MED12
42693|MIXL1,0.930802443827975,Homo sapiens,MIXL1,tf,LoVo,None,Colon,0,MIXL1
38768|GLIS2,0.930852388635762,Homo sapiens,GLIS2,tf,LoVo,None,Colon,0,GLIS2
38644|HSF4,0.930871773220932,Homo sapiens,HSF4,tf,LoVo,None,Colon,0,HSF4
42872|THAP4,0.930985757615834,Homo sapiens,THAP4,tf,LoVo,None,Colon,0,THAP4
38819|SREBF1,0.930992678410304,Homo sapiens,SREBF1,tf,LoVo,None,Colon,0,SREBF1
42862|PRDM4,0.930998567291381,Homo sapiens,PRDM4,tf,LoVo,None,Colon,0,PRDM4
48630|SPIB,0.931043247011088,Homo sapiens,SPIB,tf,OCI-Ly10,B Lymphocyte,Bone Marrow,1,SPIB
1795|SND1,0.931083720778957,Homo sapiens,SND1,tf,IB4,Lymphocyte,Blood,1,SND1
54385|DKK1,0.931083748388228,Homo sapiens,DKK1,not sure,DLD-1,Epithelium,Colon,0,DKK1
42671|HOXB2,0.93110592668907,Homo sapiens,HOXB2,tf,LoVo,None,Colon,0,HOXB2
77166|ZNF181,0.931155411521568,Homo sapiens,ZNF181,tf,293T,None,None,0,ZNF181
58464|ARID1B,0.931212267873829,Homo sapiens,ARID1B,predicted transcription factor,HepG2,Epithelium,Liver,0,ARID1B
71755|FOXK2,0.931345931689088,Homo sapiens,FOXK2,predicted transcription factor,MCF-7,MCF 7 Cells,None,1,FOXK2
76669|DDX11,0.931372852468459,Homo sapiens,DDX11,other,A549,Epithelium,Lung,0,DDX11
17|TERF1,0.931420981263397,Homo sapiens,TERF1,predicted chromatin regulator,BJ,Fibroblast,Skin,0,TERF1
49011|CPSF3L,0.931472698415147,Homo sapiens,CPSF3L,other,HeLa,Epithelium,Cervix,1,CPSF3L
55365|LOXL1,0.931481892016165,Homo sapiens,LOXL1,other,None,None,Schlemm's canal,0,LOXL1
51613|THAP11,0.931617925762965,Homo sapiens,THAP11,tf,HUES64,Embryonic Stem Cell,Embryo,1,THAP11
48577|KDM6B,0.931769853159968,Homo sapiens,KDM6B,cr,CUTLL1,T Lymphocyte,Blood,1,KDM6B
44085|STAT5,0.931805651026391,Homo sapiens,STAT5,tf,None,T Lymphocyte,Blood,1,STAT5
73756|MEN1,0.931821851552066,Homo sapiens,MEN1,tf,MCF-10A,None,Breast,1,MEN1
76974|RPA1,0.931949822634264,Homo sapiens,RPA1,other,HeLa,Epithelium,Cervix,0,RPA1
76931|CD74,0.932049747490328,Homo sapiens,CD74,other,None,B Lymphocyte,None,1,CD74
42721|HOXA5,0.932072976286554,Homo sapiens,HOXA5,tf,LoVo,None,Colon,0,HOXA5
77172|ZNF154,0.932089345883296,Homo sapiens,ZNF154,tf,293T,None,None,1,ZNF154
55787|CTCFL,0.932096242266318,Homo sapiens,CTCFL,predicted transcription factor,None,Fibroblast,None,0,CTCFL
49697|DEK,0.932230460365118,Homo sapiens,DEK,predicted chromatin regulator,U937,None,Pleura,1,DEK
73755|FOXD3,0.932281669569028,Homo sapiens,FOXD3,tf,A549,Epithelium,Lung,0,FOXD3
59016|EP400,0.932432703189059,Homo sapiens,EP400,cr,U2OS,None,Bone,0,EP400
55217|MAP2K1,0.932433283156507,Homo sapiens,MAP2K1,not sure,HeLa,Epithelium,Cervix,1,MAP2K1
77034|ZNF791,0.932463600155379,Homo sapiens,ZNF791,tf,293T,None,None,0,ZNF791
38681|PHF20,0.932493703258432,Homo sapiens,PHF20,cr,LoVo,None,Colon,0,PHF20
42698|NFKB1,0.932558809614993,Homo sapiens,NFKB1,tf,LoVo,None,Colon,0,NFKB1
77134|ZNF33B,0.932718745715876,Homo sapiens,ZNF33B,tf,293T,None,None,0,ZNF33B
38673|GLIS1,0.932870927244278,Homo sapiens,GLIS1,tf,LoVo,None,Colon,1,GLIS1
38640|NR2F1,0.932877043424942,Homo sapiens,NR2F1,tf,LoVo,None,Colon,0,NR2F1
5976|TAT,0.933024619073465,Homo sapiens,TAT,not sure,Jurkat,T Lymphocyte,Blood,0,TAT
77152|ZNF267,0.93303550871738,Homo sapiens,ZNF267,tf,293T,None,None,1,ZNF267
4926|KLF4,0.933087033898971,Homo sapiens,KLF4,tf,H1,Embryonic Stem Cell,Embryo,0,KLF4
42728|KLF11,0.933176967868542,Homo sapiens,KLF11,tf,LoVo,None,Colon,0,KLF11
62648|MCM5,0.933335360835432,Homo sapiens,MCM5,,K562,Erythroblast,Bone Marrow,0,MCM5
42683|ISL2,0.933344395566207,Homo sapiens,ISL2,tf,LoVo,None,Colon,0,ISL2
65218|ZNF257,0.933451615136678,Homo sapiens,ZNF257,,HEK293,Epithelium,Embryonic Kidney,1,ZNF257
77019|ZNF90,0.933606824550618,Homo sapiens,ZNF90,tf,293T,None,None,0,ZNF90
38838|LHX3,0.933716010421587,Homo sapiens,LHX3,tf,LoVo,None,Colon,0,LHX3
64420|PRDM12,0.933830487311099,Homo sapiens,PRDM12,,HEK293,Epithelium,Embryonic Kidney,1,PRDM12
68802|OVOL2,0.933933469394576,Homo sapiens,OVOL2,tf,HCE-T,Epithelium,Corneal Epithelium,0,OVOL2
44349|PPARD,0.933945133024845,Homo sapiens,PPARD,tf,None,Endothelial Cell,Umbilical Vein,1,PPARD
77094|ZNF550,0.933998300503961,Homo sapiens,ZNF550,tf,293T,None,None,1,ZNF550
4|EGR1,0.934396382280852,Homo sapiens,EGR1,tf,K562,Erythroblast,Bone Marrow,0,EGR1
74822|KMT2D,0.934458854133392,Homo sapiens,KMT2D,cr,T47D,None,Breast,1,KMT2D
43678|PARP1,0.934581662630077,Homo sapiens,PARP1,not sure,T47D-MTVL,Epithelium,Mammary Gland,0,PARP1
73948|ZNF419,0.9346453434406,Homo sapiens,ZNF419,,293T,None,None,0,ZNF419
42723|HOXB4,0.934675317076585,Homo sapiens,HOXB4,tf,LoVo,None,Colon,0,HOXB4
72450|NCOA1,0.934756679653728,Homo sapiens,NCOA1,cr,U2OS,None,Bone,1,NCOA1
72907|TBX5,0.934855900729016,Homo sapiens,TBX5,tf,None,Cardiomyocyte,None,1,TBX5
38846|CEBPZ,0.934868731993305,Homo sapiens,CEBPZ,tf,LoVo,None,Colon,0,CEBPZ
50900|MITF,0.935009403548431,Homo sapiens,MITF,tf,6540 cells,Epithelium,None,0,MITF
77108|ZNF485,0.935011786205617,Homo sapiens,ZNF485,other,293T,None,None,1,ZNF485
44757|DICER1,0.935041075634309,Homo sapiens,DICER1,not sure,HEK293,Epithelium,Embryonic Kidney,0,DICER1
42734|MYOD1,0.935288133837289,Homo sapiens,MYOD1,tf,LoVo,None,Colon,0,MYOD1
38781|NEUROG3,0.935338971623167,Homo sapiens,NEUROG3,tf,LoVo,None,Colon,0,NEUROG3
65059|ZFP82,0.935397649045356,Homo sapiens,ZFP82,,HEK293,Epithelium,Embryonic Kidney,0,ZFP82
42869|TCFL5,0.935469051777359,Homo sapiens,TCFL5,tf,LoVo,None,Colon,0,TCFL5
76684|CDKN1B,0.935591459495186,Homo sapiens,CDKN1B,other,MM1.S,B Lymphocyte,Blood,1,CDKN1B
77168|ZNF17,0.935648584178091,Homo sapiens,ZNF17,tf,293T,None,None,1,ZNF17
73412|SREBF2,0.935813010807855,Homo sapiens,SREBF2,tf,PANC-1,None,None,1,SREBF2
77171|ZNF157,0.935829964691206,Homo sapiens,ZNF157,tf,293T,None,None,1,ZNF157
65161|ZNF774,0.935998323349056,Homo sapiens,ZNF774,,HEK293,Epithelium,Embryonic Kidney,0,ZNF774
54616|SOX9,0.936274679968027,Homo sapiens,SOX9,tf,CyT49,Embryonic Stem Cell,Embryo,1,SOX9
42730|KLF6,0.936374645102426,Homo sapiens,KLF6,tf,LoVo,None,Colon,0,KLF6
77239|ZSCAN5B,0.936679392250614,Homo sapiens,ZSCAN5B,tf,HEK293,HEK 293 Cell Line,None,0,ZSCAN5B
38822|HOXA7,0.936695495246456,Homo sapiens,HOXA7,tf,LoVo,None,Colon,0,HOXA7
77142|ZNF300,0.936788063648038,Homo sapiens,ZNF300,other,293T,None,None,1,ZNF300
77158|ZNF222,0.936839646774047,Homo sapiens,ZNF222,other,293T,None,None,1,ZNF222
51565|SMAD2/3,0.937026079336887,Homo sapiens,SMAD2/3,tf,HUES64,Embryonic Stem Cell,Embryo,0,SMAD2/3
42691|MAFB,0.937049586182939,Homo sapiens,MAFB,tf,LoVo,None,Colon,0,MAFB
77046|ZNF764,0.937270623382518,Homo sapiens,ZNF764,tf,293T,None,None,0,ZNF764
77190|ZFP1,0.937284995812808,Homo sapiens,ZFP1,tf,293T,None,None,1,ZFP1
52785|CIITA,0.937304348868142,Homo sapiens,CIITA,predicted transcription factor,Raji,B Lymphocyte,Blood,1,CIITA
62811|COPS2,0.937315957763027,Homo sapiens,COPS2,,K562,Erythroblast,Bone Marrow,1,COPS2
69877|CCR5,0.937344890113213,Homo sapiens,CCR5,other,None,Th1,None,1,CCR5
38780|LMX1B,0.937347216441537,Homo sapiens,LMX1B,tf,LoVo,None,Colon,0,LMX1B
38683|MAZ,0.937386800470845,Homo sapiens,MAZ,tf,LoVo,None,Colon,0,MAZ
50456|AUTS2,0.937392597878291,Homo sapiens,AUTS2,not sure,293T-Rex,None,None,1,AUTS2
35879|CBX1,0.937405271487869,Homo sapiens,CBX1,cr,HEK293,Epithelium,Embryonic Kidney,1,CBX1
42767|ID2,0.937483592455278,Homo sapiens,ID2,tf,LoVo,None,Colon,0,ID2
68571|POU3F2,0.937786686134119,Homo sapiens,POU3F2,tf,None,Neural Progenitor Cell,None,1,POU3F2
42660|FOXQ1,0.937803265563605,Homo sapiens,FOXQ1,tf,LoVo,None,Colon,0,FOXQ1
68194|ATRX,0.93785935595182,Homo sapiens,ATRX,cr,LAN6,None,None,1,ATRX
77040|ZNF782,0.937861688600595,Homo sapiens,ZNF782,tf,293T,None,None,0,ZNF782
63179|IKZF1,0.93796993417934,Homo sapiens,IKZF1,tf,HepG2,Epithelium,Liver,1,IKZF1
65181|ZNF250,0.938295150006277,Homo sapiens,ZNF250,tf,HEK293,Epithelium,Embryonic Kidney,1,ZNF250
75293|POLR3G,0.938353006809459,Homo sapiens,POLR3G,tf,NT2-D1,Stem cell,None,1,POLR3G
36237|XRN2,0.938541233544064,Homo sapiens,XRN2,not sure,HeLa,Epithelium,Cervix,0,XRN2
77136|ZNF334,0.938702452213234,Homo sapiens,ZNF334,tf,293T,None,None,1,ZNF334
65067|ZNF547,0.938923840412081,Homo sapiens,ZNF547,,HEK293,Epithelium,Embryonic Kidney,1,ZNF547
77089|ZNF562,0.939074866703328,Homo sapiens,ZNF562,tf,293T,None,None,1,ZNF562
35703|UBE2I,0.939084302567733,Homo sapiens,UBE2I,other,WI-38,Fibroblast,Lung,0,UBE2I
42726|IRF2,0.939316570362399,Homo sapiens,IRF2,predicted transcription factor,LoVo,None,Colon,0,IRF2
73938|ZNF584,0.939335428137254,Homo sapiens,ZNF584,,293T,None,None,1,ZNF584
77163|ZNF19,0.939549335075461,Homo sapiens,ZNF19,tf,293T,None,None,1,ZNF19
56282|BRD1,0.939616459037999,Homo sapiens,BRD1,cr,HEK293T,Epithelium,Embryonic Kidney,0,BRD1
77189|ZFP69,0.939818756290338,Homo sapiens,ZFP69,tf,293T,None,None,1,ZFP69
70543|VDR,0.939891942627756,Homo sapiens,VDR,tf,THP-1,Macrophage,None,1,VDR
64675|IRF1,0.940192436333459,Homo sapiens,IRF1,tf,K562,Erythroblast,Bone Marrow,1,IRF1
64376|TBX21,0.940376834140654,Homo sapiens,TBX21,tf,GM12878,B Lymphocyte,Blood,1,TBX21
77035|ZNF790,0.940631085848321,Homo sapiens,ZNF790,tf,293T,None,None,0,ZNF790
1230|GTF3C1,0.940657042957223,Homo sapiens,GTF3C1,tf,HeLa,Epithelium,Cervix,0,GTF3C1
77115|ZNF45,0.94079397978254,Homo sapiens,ZNF45,other,293T,None,None,0,ZNF45
42697|NEUROD2,0.94091330910328,Homo sapiens,NEUROD2,tf,LoVo,None,Colon,0,NEUROD2
50249|CTBP2,0.940920140058354,Homo sapiens,CTBP2,tf,LNCaP,Epithelium,Prostate,1,CTBP2
38798|ZBED4,0.940954028266179,Homo sapiens,ZBED4,tf,LoVo,None,Colon,0,ZBED4
42690|LHX6,0.941171049658919,Homo sapiens,LHX6,tf,LoVo,None,Colon,0,LHX6
38821|HIVEP1,0.941453438450924,Homo sapiens,HIVEP1,tf,LoVo,None,Colon,0,HIVEP1
42867|SKI,0.941608572065601,Homo sapiens,SKI,predicted chromatin regulator,LoVo,None,Colon,0,SKI
65089|ZNF136,0.941738551395134,Homo sapiens,ZNF136,,HEK293,Epithelium,Embryonic Kidney,1,ZNF136
8552|PCGF2,0.941907192354445,Homo sapiens,PCGF2,cr,HEK293T,Epithelium,Embryonic Kidney,0,PCGF2
74646|TSC22D4,0.94199740783261,Homo sapiens,TSC22D4,,GM12878,B Lymphocyte,Blood,1,TSC22D4
76888|TERT,0.942034336618308,Homo sapiens,TERT,other,VA13,Fibroblast,Lung,1,TERT
42701|NKX6-1,0.942049020230698,Homo sapiens,NKX6-1,tf,LoVo,None,Colon,0,NKX6-1
77132|ZNF354B,0.942134472704039,Homo sapiens,ZNF354B,tf,293T,None,None,1,ZNF354B
67684|ZBTB7A,0.942145569914228,Homo sapiens,ZBTB7A,predicted transcription factor,None,Erythroblast,None,0,ZBTB7A
42831|HAND1,0.942289262288937,Homo sapiens,HAND1,not sure,LoVo,None,Colon,0,HAND1
38652|NR2F2,0.942376259516826,Homo sapiens,NR2F2,tf,LoVo,None,Colon,0,NR2F2
46251|MBD4,0.942416534947924,Homo sapiens,MBD4,cr,HepG2,Epithelium,Liver,1,MBD4
77066|ZNF671,0.942447795772164,Homo sapiens,ZNF671,tf,293T,None,None,1,ZNF671
55211|MAPK1,0.942656113795901,Homo sapiens,MAPK1,predicted chromatin regulator,HeLa,Epithelium,Cervix,1,MAPK1
69821|MDM2,0.942913837855102,Homo sapiens,MDM2,cr,H1299,Epithelium,Lung,1,MDM2
65212|ZNF513,0.943042962416522,Homo sapiens,ZNF513,,HEK293,Epithelium,Embryonic Kidney,1,ZNF513
45247|SIRT6,0.943130317730116,Homo sapiens,SIRT6,cr,H1,Embryonic Stem Cell,Embryo,0,SIRT6
36113|FANCD2,0.943289930232675,Homo sapiens,FANCD2,predicted chromatin regulator,HEK293T,Epithelium,Embryonic Kidney,0,FANCD2
38834|SP3,0.943388627434292,Homo sapiens,SP3,tf,LoVo,None,Colon,0,SP3
42666|HIVEP3,0.94339502267439,Homo sapiens,HIVEP3,tf,LoVo,None,Colon,0,HIVEP3
77079|ZNF605,0.943483531944153,Homo sapiens,ZNF605,other,293T,None,None,1,ZNF605
77105|ZNF496,0.943528381214213,Homo sapiens,ZNF496,tf,293T,None,None,0,ZNF496
72433|SMARCA2,0.943566333416015,Homo sapiens,SMARCA2,cr,LNCaP,Epithelium,Prostate,0,SMARCA2
68064|POLR3D,0.943687526773123,Homo sapiens,POLR3D,tf,IMR90hTert,Fibroblast,Fetal Lung,1,POLR3D
56960|GTF2B,0.9437728200045,Homo sapiens,GTF2B,tf,HeLa,Epithelium,Cervix,0,GTF2B
62966|HDGF,0.943933604831513,Homo sapiens,HDGF,,MCF-7,Epithelium,Breast,1,HDGF
54657|TLX1,0.944056896084348,Homo sapiens,TLX1,tf,ALL-SIL,T Lymphocyte,Blood,1,TLX1
77141|ZNF302,0.944083417373506,Homo sapiens,ZNF302,tf,293T,None,None,1,ZNF302
77153|ZNF25,0.944147195536908,Homo sapiens,ZNF25,tf,293T,None,None,0,ZNF25
77073|ZNF619,0.944448424218617,Homo sapiens,ZNF619,tf,293T,None,None,0,ZNF619
8673|STAG1,0.944680915149485,Homo sapiens,STAG1,not sure,None,Fibroblast,Embryo,0,STAG1
73923|ZNF8,0.944855022386872,Homo sapiens,ZNF8,,293T,None,None,0,ZNF8
42700|NKX2-8,0.944873932593682,Homo sapiens,NKX2-8,tf,LoVo,None,Colon,0,NKX2-8
42645|BARX1,0.945130608058112,Homo sapiens,BARX1,tf,LoVo,None,Colon,0,BARX1
34479|NFKBIA,0.945399474551132,Homo sapiens,NFKBIA,other,None,Keratinocyte,Foreskin,0,NFKBIA
77188|ZFP90,0.945425587151964,Homo sapiens,ZFP90,tf,293T,None,None,1,ZFP90
77038|ZNF785,0.945444983789783,Homo sapiens,ZNF785,tf,293T,None,None,0,ZNF785
42888|ZNF395,0.94549732140658,Homo sapiens,ZNF395,predicted transcription factor,LoVo,None,Colon,0,ZNF395
50250|CTBP1,0.94556927455305,Homo sapiens,CTBP1,tf,LNCaP,Epithelium,Prostate,1,CTBP1
38646|ELF3,0.945791982302277,Homo sapiens,ELF3,tf,LoVo,None,Colon,0,ELF3
55206|EGFR,0.945832779459037,Homo sapiens,EGFR,not sure,HeLa,Epithelium,Cervix,1,EGFR
77021|ZNF880,0.945838580467503,Homo sapiens,ZNF880,other,293T,None,None,0,ZNF880
71278|KAT2A,0.945923696772124,Homo sapiens,KAT2A,cr,BGC823,human gastric cancer cells,None,1,KAT2A
77029|ZNF7,0.946012158233227,Homo sapiens,ZNF7,tf,293T,None,None,0,ZNF7
52549|SOX10,0.946187945560228,Homo sapiens,SOX10,tf,501-Mel,Melanoma Cell,None,1,SOX10
76456|USP7,0.946248276883691,Homo sapiens,USP7,tf,H1299,Epithelium,Lung,0,USP7
73091|RPA2,0.946363558637943,Homo sapiens,RPA2,other,HeLa,Epithelium,Cervix,0,RPA2
51010|NR2C2,0.94667187730714,Homo sapiens,NR2C2,tf,None,Erythroid Cell,None,1,NR2C2
73978|ZFP69B,0.946922856774159,Homo sapiens,ZFP69B,,293T,None,None,1,ZFP69B
38655|HOXC6,0.946934476843606,Homo sapiens,HOXC6,tf,LoVo,None,Colon,0,HOXC6
38754|GLI3,0.94722598092485,Homo sapiens,GLI3,tf,LoVo,None,Colon,0,GLI3
42729|KLF15,0.947299914787499,Homo sapiens,KLF15,tf,LoVo,None,Colon,0,KLF15
42866|RLF,0.947460321429728,Homo sapiens,RLF,not sure,LoVo,None,Colon,0,RLF
71021|CLOCK,0.947522747648513,Homo sapiens,CLOCK,tf,U2OS,Osteosarcoma cell,None,1,CLOCK
38860|CASP8AP2,0.947548668489553,Homo sapiens,CASP8AP2,tf,LoVo,None,Colon,1,CASP8AP2
71070|MBD3,0.947609253175237,Homo sapiens,MBD3,cr,HeLa,Epithelium,Cervix,0,MBD3
62620|CHAMP1,0.947649162111051,Homo sapiens,CHAMP1,,K562,Erythroblast,Bone Marrow,1,CHAMP1
77505|None,0.948003022803867,Homo sapiens,None,None,None,Patient,None,1,None
77057|ZNF701,0.94806549738492,Homo sapiens,ZNF701,tf,293T,None,None,1,ZNF701
62531|ZNF585B,0.948106913905602,Homo sapiens,ZNF585B,,HEK293,Epithelium,Embryonic Kidney,1,ZNF585B
65157|ZNF260,0.94816309889016,Homo sapiens,ZNF260,,HEK293,Epithelium,Embryonic Kidney,1,ZNF260
70797|HINFP,0.948343678849156,Homo sapiens,HINFP,tf,hTERT-RPE1,Epithelium,None,0,HINFP
69522|INO80,0.948506715758033,Homo sapiens,INO80,predicted chromatin regulator,A375,Melanoma Cell,None,0,INO80
38751|USF2,0.948683668186866,Homo sapiens,USF2,tf,LoVo,None,Colon,0,USF2
35107|DOT1L,0.948885043020158,Homo sapiens,DOT1L,cr,NCCIT,None,Embryo,0,DOT1L
49156|COIL,0.949133983558941,Homo sapiens,COIL,other,HeLa,Epithelium,Cervix,1,COIL
63992|ETS2,0.94915756717351,Homo sapiens,ETS2,tf,K562,Erythroblast,Bone Marrow,1,ETS2
49460|552-SKD,0.949252527007349,Homo sapiens,552-SKD,other,MCF-7,Epithelium,Breast,0,552-SKD
42852|HOXC13,0.94938963431714,Homo sapiens,HOXC13,tf,LoVo,None,Colon,0,HOXC13
64360|ZNF788,0.949645976686461,Homo sapiens,ZNF788,,HEK293,Epithelium,Embryonic Kidney,1,ZNF788
63455|GATAD2B,0.94971230510516,Homo sapiens,GATAD2B,,MCF-7,Epithelium,Breast,1,GATAD2B
38642|ZNF236,0.950240737304222,Homo sapiens,ZNF236,tf,LoVo,None,Colon,0,ZNF236
71485|UBTF,0.950250414313677,Homo sapiens,UBTF,tf,None,hESC,None,1,UBTF
38752|DMRT1,0.95040984341421,Homo sapiens,DMRT1,tf,LoVo,None,Colon,0,DMRT1
77179|ZNF10,0.950425750391769,Homo sapiens,ZNF10,tf,293T,None,None,1,ZNF10
38788|EMX1,0.95067106759009,Homo sapiens,EMX1,tf,LoVo,None,Colon,0,EMX1
77116|ZNF44,0.950811679759923,Homo sapiens,ZNF44,tf,293T,None,None,1,ZNF44
77147|ZNF283,0.951232619805468,Homo sapiens,ZNF283,other,293T,None,None,1,ZNF283
77156|ZNF235,0.951775305125661,Homo sapiens,ZNF235,tf,293T,None,None,1,ZNF235
77083|ZNF571,0.951927929496697,Homo sapiens,ZNF571,tf,293T,None,None,1,ZNF571
49953|KDM3A,0.952212813723617,Homo sapiens,KDM3A,cr,Jurkat,T Lymphocyte,Blood,1,KDM3A
42704|NR4A2,0.952749877203435,Homo sapiens,NR4A2,tf,LoVo,None,Colon,1,NR4A2
77145|ZNF285,0.952938353878076,Homo sapiens,ZNF285,other,293T,None,None,0,ZNF285
77082|ZNF573,0.952951834897168,Homo sapiens,ZNF573,tf,293T,None,None,1,ZNF573
77087|ZNF565,0.952960331467844,Homo sapiens,ZNF565,tf,293T,None,None,1,ZNF565
65070|ZNF175,0.952969792811514,Homo sapiens,ZNF175,,HEK293,Epithelium,Embryonic Kidney,1,ZNF175
42850|GRHL1,0.952993733622305,Homo sapiens,GRHL1,predicted transcription factor,LoVo,None,Colon,1,GRHL1
63316|SCRT2,0.953329725151984,Homo sapiens,SCRT2,,HEK293,Epithelium,Embryonic Kidney,1,SCRT2
63265|PTTG1,0.953502227180239,Homo sapiens,PTTG1,,K562,Erythroblast,Bone Marrow,1,PTTG1
64978|WT1,0.953832332184068,Homo sapiens,WT1,tf,HEK293,Epithelium,Embryonic Kidney,1,WT1
5929|GABPA,0.954024836116623,Homo sapiens,GABPA,tf,RWPE1,Epithelium,Prostate,0,GABPA
65104|ZNF596,0.954088285584971,Homo sapiens,ZNF596,,HEK293,Epithelium,Embryonic Kidney,0,ZNF596
77091|ZNF557,0.954118730520104,Homo sapiens,ZNF557,tf,293T,None,None,1,ZNF557
42742|PPARA,0.954310170404178,Homo sapiens,PPARA,tf,LoVo,None,Colon,0,PPARA
77020|ZNF891,0.954322473585641,Homo sapiens,ZNF891,other,293T,None,None,0,ZNF891
73934|ZNF669,0.954377303983639,Homo sapiens,ZNF669,,293T,None,None,1,ZNF669
63151|SRSF3,0.954886859099621,Homo sapiens,SRSF3,,K562,Erythroblast,Bone Marrow,0,SRSF3
65065|ZNF595,0.955170375600596,Homo sapiens,ZNF595,,HEK293,Epithelium,Embryonic Kidney,1,ZNF595
77072|ZNF620,0.955182541680035,Homo sapiens,ZNF620,tf,293T,None,None,0,ZNF620
63821|GTF2E2,0.955508068403685,Homo sapiens,GTF2E2,tf,K562,Erythroblast,Bone Marrow,0,GTF2E2
54635|HECTD1,0.955596645657561,Homo sapiens,HECTD1,predicted chromatin regulator,MCF-7,Epithelium,Breast,0,HECTD1
38689|CREB3L2,0.9557460925224,Homo sapiens,CREB3L2,tf,LoVo,None,Colon,0,CREB3L2
77140|ZNF304,0.956001129959683,Homo sapiens,ZNF304,other,293T,None,None,1,ZNF304
62568|ZNF592,0.95601409287912,Homo sapiens,ZNF592,,MCF-7,Epithelium,Breast,1,ZNF592
76671|SMARCA1,0.956332834361725,Homo sapiens,SMARCA1,cr,LNCaP,Epithelium,Prostate,0,SMARCA1
42758|E2F8,0.956572118491058,Homo sapiens,E2F8,tf,LoVo,None,Colon,0,E2F8
38744|RAX2,0.95696742385984,Homo sapiens,RAX2,tf,LoVo,None,Colon,0,RAX2
65064|ZNF34,0.957005667655242,Homo sapiens,ZNF34,,HEK293,Epithelium,Embryonic Kidney,0,ZNF34
77023|ZNF860,0.95705413138215,Homo sapiens,ZNF860,other,293T,None,None,0,ZNF860
42737|NFAT5,0.957466389813864,Homo sapiens,NFAT5,tf,LoVo,None,Colon,0,NFAT5
77186|ZIM2,0.957493995785679,Homo sapiens,ZIM2,tf,293T,None,None,0,ZIM2
38747|TOX4,0.958011504813433,Homo sapiens,TOX4,tf,LoVo,None,Colon,0,TOX4
44029|PALB2,0.958433517981447,Homo sapiens,PALB2,predicted transcription factor,MCF-10A,Epithelium,Breast,1,PALB2
5982|SUPT20H,0.95845279843223,Homo sapiens,SUPT20H,other,HeLa,Epithelium,Cervix,0,SUPT20H
77058|ZNF69,0.958497121741756,Homo sapiens,ZNF69,tf,293T,None,None,0,ZNF69
63030|t-IgG-control,0.958603531311072,Homo sapiens,t-IgG-control,,None,None,Liver,0,t-IgG-control
49154|SFPQ,0.95866248662382,Homo sapiens,SFPQ,not sure,MCF-7,Epithelium,Breast,1,SFPQ
8555|PCGF6,0.958686599010665,Homo sapiens,PCGF6,cr,HEK293T,Epithelium,Embryonic Kidney,0,PCGF6
55661|LEO1,0.959013414641326,Homo sapiens,LEO1,predicted chromatin regulator,HCT-116,None,Colon,1,LEO1
58949|SMN1,0.959266533788347,Homo sapiens,SMN1,not sure,HEK293,Epithelium,Embryonic Kidney,1,SMN1
45891|ZC3H11A,0.959365226575095,Homo sapiens,ZC3H11A,other,K562,Erythroblast,Bone Marrow,0,ZC3H11A
38755|ZBTB17,0.95942166070097,Homo sapiens,ZBTB17,tf,LoVo,None,Colon,0,ZBTB17
36355|SNAPC1,0.95945034607957,Homo sapiens,SNAPC1,not sure,IMR90,Fibroblast,Lung,1,SNAPC1
42703|NR3C2,0.959654187795172,Homo sapiens,NR3C2,tf,LoVo,None,Colon,0,NR3C2
65134|KLF7,0.959700633663468,Homo sapiens,KLF7,,HEK293,Epithelium,Embryonic Kidney,0,KLF7
65215|ZNF784,0.959816676421284,Homo sapiens,ZNF784,,HEK293,Epithelium,Embryonic Kidney,0,ZNF784
77122|ZNF439,0.959872479756564,Homo sapiens,ZNF439,tf,293T,None,None,0,ZNF439
77159|ZNF212,0.959890062433012,Homo sapiens,ZNF212,tf,293T,None,None,1,ZNF212
50035|NME2,0.960328851800798,Homo sapiens,NME2,tf,A549,Epithelium,Lung,0,NME2
42702|NR2F6,0.960388152634046,Homo sapiens,NR2F6,tf,LoVo,None,Colon,0,NR2F6
55576|PAX5,0.960450814218542,Homo sapiens,PAX5,tf,None,B Lymphocyte,None,1,PAX5
65135|SCRT1,0.960603046290625,Homo sapiens,SCRT1,,HEK293,Epithelium,Embryonic Kidney,0,SCRT1
5454|BCAT1,0.960672510935005,Homo sapiens,BCAT1,not sure,LS180,Epithelium,Colon,1,BCAT1
65102|ZSCAN31,0.960748015559979,Homo sapiens,ZSCAN31,,HEK293,Epithelium,Embryonic Kidney,1,ZSCAN31
45960|STAT2,0.96087238965465,Homo sapiens,STAT2,predicted transcription factor,K562,Erythroblast,Bone Marrow,1,STAT2
42847|STAG2,0.960914642853455,Homo sapiens,STAG2,not sure,LoVo,None,Colon,1,STAG2
65162|ZNF549,0.960942073683269,Homo sapiens,ZNF549,,HEK293,Epithelium,Embryonic Kidney,1,ZNF549
38686|SOX3,0.961379329976036,Homo sapiens,SOX3,predicted transcription factor,LoVo,None,Colon,0,SOX3
77104|ZNF506,0.961417618840152,Homo sapiens,ZNF506,tf,293T,None,None,1,ZNF506
38643|ERF,0.961595772046486,Homo sapiens,ERF,tf,LoVo,None,Colon,0,ERF
73972|ZNF18,0.961684825894025,Homo sapiens,ZNF18,,293T,None,None,1,ZNF18
65124|MYNN,0.961712849211343,Homo sapiens,MYNN,tf,HEK293,Epithelium,Embryonic Kidney,1,MYNN
73957|ZNF324,0.961765447250969,Homo sapiens,ZNF324,,293T,None,None,1,ZNF324
62801|PTRF,0.961887533857473,Homo sapiens,PTRF,,K562,Erythroblast,Bone Marrow,1,PTRF
77096|ZNF543,0.962155195546554,Homo sapiens,ZNF543,tf,293T,None,None,1,ZNF543
77093|ZNF552,0.962795641969927,Homo sapiens,ZNF552,tf,293T,None,None,1,ZNF552
35715|PIAS4,0.963581718381838,Homo sapiens,PIAS4,other,WI-38,Fibroblast,Lung,1,PIAS4
38682|RARG,0.963767388644738,Homo sapiens,RARG,tf,LoVo,None,Colon,0,RARG
77100|ZNF529,0.963949794848288,Homo sapiens,ZNF529,tf,293T,None,None,1,ZNF529
49239|ELF1,0.96406508791064,Homo sapiens,ELF1,tf,DU145,Epithelium,Prostate,1,ELF1
38720|KLF10,0.964141775884165,Homo sapiens,KLF10,tf,LoVo,None,Colon,1,KLF10
1797|BRF1,0.964375715456958,Homo sapiens,BRF1,tf,IMR90,Fibroblast,Lung,1,BRF1
45978|ZNF217,0.96462112317277,Homo sapiens,ZNF217,predicted transcription factor,MCF-7,Epithelium,Breast,1,ZNF217
38734|ADNP,0.964721401716116,Homo sapiens,ADNP,tf,LoVo,None,Colon,0,ADNP
38721|CREB3L4,0.964762992835394,Homo sapiens,CREB3L4,tf,LoVo,None,Colon,1,CREB3L4
39779|REPIN1,0.9650718649602,Homo sapiens,REPIN1,predicted transcription factor,Kasumi-1,Myeloblast,Blood,1,REPIN1
74509|ETS1,0.965286285760779,Homo sapiens,ETS1,tf,DU145,Epithelium,Prostate,1,ETS1
72465|IRAK4,0.965306853059895,Homo sapiens,IRAK4,other,SEM,B cell precursor,None,1,IRAK4
77131|ZNF383,0.965428720666905,Homo sapiens,ZNF383,tf,293T,None,None,1,ZNF383
7489|NR4A1,0.965814923016235,Homo sapiens,NR4A1,tf,K562,Erythroblast,Bone Marrow,1,NR4A1
77192|RBAK,0.965950732524622,Homo sapiens,RBAK,tf,293T,None,None,1,RBAK
38685|MYB,0.966156005676148,Homo sapiens,MYB,tf,LoVo,None,Colon,0,MYB
65202|ZNF37A,0.966221831060392,Homo sapiens,ZNF37A,,HEK293,Epithelium,Embryonic Kidney,1,ZNF37A
77044|ZNF776,0.966641212120565,Homo sapiens,ZNF776,tf,293T,None,None,1,ZNF776
77090|ZNF561,0.966743847618178,Homo sapiens,ZNF561,tf,293T,None,None,1,ZNF561
42763|HOXB6,0.966868484188813,Homo sapiens,HOXB6,tf,LoVo,None,Colon,1,HOXB6
77174|ZNF135,0.966928438394124,Homo sapiens,ZNF135,tf,293T,None,None,1,ZNF135
42768|ID3,0.967085390758284,Homo sapiens,ID3,tf,LoVo,None,Colon,0,ID3
34532|GCG,0.96717028371239,Homo sapiens,GCG,not sure,HEK293T,Epithelium,Embryonic Kidney,0,GCG
36364|SNAPC5,0.967493433000312,Homo sapiens,SNAPC5,not sure,IMR90,Fibroblast,Lung,1,SNAPC5
77036|ZNF789,0.96756301734725,Homo sapiens,ZNF789,other,293T,None,None,1,ZNF789
63580|ZNF239,0.967643134711888,Homo sapiens,ZNF239,,HEK293,Epithelium,Embryonic Kidney,1,ZNF239
77095|ZNF548,0.9677445795082,Homo sapiens,ZNF548,tf,293T,None,None,0,ZNF548
39347|USP49,0.967750917366083,Homo sapiens,USP49,predicted chromatin regulator,HCT-116,None,Colon,1,USP49
77051|ZNF737,0.967862096879489,Homo sapiens,ZNF737,tf,293T,None,None,0,ZNF737
65142|ZNF320,0.968188155634935,Homo sapiens,ZNF320,,HEK293,Epithelium,Embryonic Kidney,1,ZNF320
77064|ZNF675,0.968265921352724,Homo sapiens,ZNF675,tf,293T,None,None,1,ZNF675
77070|ZNF626,0.968725664036916,Homo sapiens,ZNF626,other,293T,None,None,0,ZNF626
42877|ZBTB2,0.968852972312145,Homo sapiens,ZBTB2,tf,LoVo,None,Colon,0,ZBTB2
65137|ZBTB18,0.969083057741514,Homo sapiens,ZBTB18,,HEK293,Epithelium,Embryonic Kidney,1,ZBTB18
77177|ZNF124,0.9697071490028,Homo sapiens,ZNF124,tf,293T,None,None,1,ZNF124
73926|ZNF816,0.96973916969961,Homo sapiens,ZNF816,,293T,None,None,1,ZNF816
77109|ZNF484,0.969811803014057,Homo sapiens,ZNF484,tf,293T,None,None,1,ZNF484
73971|ZNF197,0.969822002875047,Homo sapiens,ZNF197,,293T,None,None,1,ZNF197
77076|ZNF614,0.969858955693553,Homo sapiens,ZNF614,tf,293T,None,None,1,ZNF614
42765|HOXC8,0.970572501187804,Homo sapiens,HOXC8,tf,LoVo,None,Colon,0,HOXC8
77167|ZNF180,0.970615417015497,Homo sapiens,ZNF180,tf,293T,None,None,1,ZNF180
63425|DDX20,0.971020254151493,Homo sapiens,DDX20,,K562,Erythroblast,Bone Marrow,1,DDX20
42689|LHX5,0.971085356971324,Homo sapiens,LHX5,tf,LoVo,None,Colon,1,LHX5
46147|MTA3,0.971329445784394,Homo sapiens,MTA3,tf,GM12878,B Lymphocyte,Blood,1,MTA3
43669|TET3,0.971417258934681,Homo sapiens,TET3,cr,HEK293T,Epithelium,Embryonic Kidney,0,TET3
63872|ZNF138,0.97142846304828,Homo sapiens,ZNF138,,HEK293,Epithelium,Embryonic Kidney,1,ZNF138
77137|ZNF333,0.971630031110911,Homo sapiens,ZNF333,tf,293T,None,None,1,ZNF333
73950|ZNF3,0.971856376850087,Homo sapiens,ZNF3,tf,293T,None,None,1,ZNF3
77146|ZNF284,0.972036055778425,Homo sapiens,ZNF284,tf,293T,None,None,1,ZNF284
"56245|TEAD1, TEAD4",0.972435322963078,Homo sapiens,"TEAD1, TEAD4",tf,CClp1,None,None,1,"TEAD1, TEAD4"
77092|ZNF555,0.972610285842844,Homo sapiens,ZNF555,tf,293T,None,None,1,ZNF555
77049|ZNF74,0.972641268976894,Homo sapiens,ZNF74,tf,293T,None,None,0,ZNF74
54380|LMTK3,0.973078455932019,Homo sapiens,LMTK3,not sure,MCF-7,Epithelium,Breast,1,LMTK3
65112|SP4,0.973348778931026,Homo sapiens,SP4,tf,HEK293,Epithelium,Embryonic Kidney,1,SP4
70855|NPAT,0.97395305085008,Homo sapiens,NPAT,tf,U2OS,osteosarcoma,None,0,NPAT
62763|ZNF24,0.974112211930619,Homo sapiens,ZNF24,,K562,Erythroblast,Bone Marrow,1,ZNF24
2898|SMC3,0.974176826481612,Homo sapiens,SMC3,predicted chromatin regulator,V6.5,Embryonic Stem Cell,None,0,SMC3
39008|H3Pan,0.974419938146436,Homo sapiens,H3Pan,other,A549,Epithelium,Lung,0,H3Pan
77130|ZNF398,0.975592914366461,Homo sapiens,ZNF398,tf,293T,None,None,1,ZNF398
65213|ZNF454,0.975764654498329,Homo sapiens,ZNF454,,HEK293,Epithelium,Embryonic Kidney,0,ZNF454
46294|CEBPD,0.975888151329574,Homo sapiens,CEBPD,tf,K562,Erythroblast,Bone Marrow,1,CEBPD
63394|ZNF488,0.975975002960105,Homo sapiens,ZNF488,,HEK293,Epithelium,Embryonic Kidney,1,ZNF488
71951|BANP,0.976438563923972,Homo sapiens,BANP,tf,HCT-116,Human colorectal carcinoma,None,0,BANP
62889|ZNF518A,0.976472222283184,Homo sapiens,ZNF518A,,HEK293,Epithelium,Embryonic Kidney,1,ZNF518A
77055|ZNF714,0.976604836209672,Homo sapiens,ZNF714,other,293T,None,None,1,ZNF714
39915|ELL,0.976970348825394,Homo sapiens,ELL,predicted chromatin regulator,HCT-116,None,Colon,0,ELL
69364|MYCN,0.977085355377327,Homo sapiens,MYCN,tf,SK-N-BE(2)-C,Neuroblastoma cell,None,1,MYCN
35049|SPDEF,0.97726422479378,Homo sapiens,SPDEF,tf,MCF-7,Epithelium,Breast,0,SPDEF
39919|ICE1,0.977306610289457,Homo sapiens,ICE1,other,HCT-116,None,Colon,1,ICE1
64454|AEBP2,0.977411781145557,Homo sapiens,AEBP2,tf,HEK293,Epithelium,Embryonic Kidney,1,AEBP2
1329|POLR3A,0.977660873993547,Homo sapiens,POLR3A,tf,HeLa,Epithelium,Cervix,0,POLR3A
49240|ELK4,0.977774651845907,Homo sapiens,ELK4,tf,DU145,Epithelium,Prostate,1,ELK4
42807|ZNF639,0.977933426957696,Homo sapiens,ZNF639,tf,LoVo,None,Colon,0,ZNF639
8560|RYBP,0.978390995300465,Homo sapiens,RYBP,tf,HEK293T,Epithelium,Embryonic Kidney,1,RYBP
42805|ZNF281,0.978951738820025,Homo sapiens,ZNF281,tf,LoVo,None,Colon,0,ZNF281
77028|ZNF805,0.979152228369435,Homo sapiens,ZNF805,other,293T,None,None,1,ZNF805
76830|SETX,0.979696433150357,Homo sapiens,SETX,other,A549,Epithelium,Lung,0,SETX
44131|SRCAP,0.979784581191474,Homo sapiens,SRCAP,cr,None,T Lymphocyte,Blood,1,SRCAP
38826|ZIC2,0.979906249501739,Homo sapiens,ZIC2,tf,LoVo,None,Colon,0,ZIC2
2400|TDRD3,0.979963652955151,Homo sapiens,TDRD3,cr,MCF-7,Epithelium,Breast,1,TDRD3
45605|YY1,0.980800917601601,Homo sapiens,YY1,tf,GM12878,B Lymphocyte,Blood,0,YY1
77043|ZNF777,0.980823511002899,Homo sapiens,ZNF777,tf,293T,None,None,1,ZNF777
77178|ZNF114,0.980930877891726,Homo sapiens,ZNF114,tf,293T,None,None,0,ZNF114
38759|ETV5,0.98136136117683,Homo sapiens,ETV5,tf,LoVo,None,Colon,1,ETV5
77063|ZNF681,0.981477091990265,Homo sapiens,ZNF681,tf,293T,None,None,1,ZNF681
73339|MCM3,0.981498914059412,Homo sapiens,MCM3,,None,None,None,1,MCM3
58829|CD59,0.981927002794971,Homo sapiens,CD59,other,Raji,B Lymphocyte,Blood,0,CD59
63090|PRPF4,0.982191623269896,Homo sapiens,PRPF4,,HepG2,Epithelium,Liver,1,PRPF4
62871|ZBTB11,0.982200034818803,Homo sapiens,ZBTB11,,MCF-7,Epithelium,Breast,1,ZBTB11
42865|RFX7,0.982358249051485,Homo sapiens,RFX7,tf,LoVo,None,Colon,0,RFX7
8533|VEZF1,0.982447281124392,Homo sapiens,VEZF1,tf,HeLa-S3,Epithelium,Cervix,1,VEZF1
64495|ZNF781,0.982448118521613,Homo sapiens,ZNF781,,HEK293,Epithelium,Embryonic Kidney,1,ZNF781
77062|ZNF682,0.982558163941006,Homo sapiens,ZNF682,tf,293T,None,None,1,ZNF682
43552|C17orf96,0.982578637383072,Homo sapiens,C17orf96,not sure,HEK293T,Epithelium,Embryonic Kidney,0,C17orf96
76999|PITX3,0.982760515663796,Homo sapiens,PITX3,tf,SH-SY5Y,Neuron,Midbrain,1,PITX3
77128|ZNF425,0.983101600334709,Homo sapiens,ZNF425,other,293T,None,None,1,ZNF425
77075|ZNF615,0.98348146093672,Homo sapiens,ZNF615,tf,293T,None,None,1,ZNF615
64308|ZNF837,0.983603406762682,Homo sapiens,ZNF837,,HEK293,Epithelium,Embryonic Kidney,1,ZNF837
68962|PRDM14,0.984066947838621,Homo sapiens,PRDM14,tf,NCCIT,Embryonal carcinoma cell,None,1,PRDM14
64816|ZMIZ1,0.984084155551041,Homo sapiens,ZMIZ1,not sure,K562,Erythroblast,Bone Marrow,1,ZMIZ1
8662|HDAC3,0.984092622582505,Homo sapiens,HDAC3,cr,VCaP,Epithelium,Prostate,1,HDAC3
63203|ZNF354C,0.984235436442387,Homo sapiens,ZNF354C,,HEK293,Epithelium,Embryonic Kidney,1,ZNF354C
54105|DAXX,0.984568006696758,Homo sapiens,DAXX,not sure,PC-3,Epithelium,Prostate,1,DAXX
38827|FOXG1,0.985105730601472,Homo sapiens,FOXG1,tf,LoVo,None,Colon,1,FOXG1
41630|POLR3GL,0.985182821592061,Homo sapiens,POLR3GL,tf,IMR90,Fibroblast,Lung,1,POLR3GL
2085|L3MBTL2,0.985246381351386,Homo sapiens,L3MBTL2,predicted chromatin regulator,K562,Erythroblast,Bone Marrow,0,L3MBTL2
64090|TEAD2,0.985389045522465,Homo sapiens,TEAD2,tf,K562,Erythroblast,Bone Marrow,1,TEAD2
47100|CBFA2T3,0.985445057970788,Homo sapiens,CBFA2T3,tf,CAL-1,Dendritic Cell,None,1,CBFA2T3
64618|HDAC8,0.986000586434487,Homo sapiens,HDAC8,cr,K562,Erythroblast,Bone Marrow,1,HDAC8
45877|XRCC4,0.986137089398595,Homo sapiens,XRCC4,tf,K562,Erythroblast,Bone Marrow,0,XRCC4
42773|NFYB,0.986143826213454,Homo sapiens,NFYB,tf,LoVo,None,Colon,0,NFYB
77157|ZNF223,0.986678123925504,Homo sapiens,ZNF223,other,293T,None,None,1,ZNF223
63050|ZNF292,0.986857233657127,Homo sapiens,ZNF292,,HEK293,Epithelium,Embryonic Kidney,1,ZNF292
62761|PKNOX1,0.986871971750333,Homo sapiens,PKNOX1,tf,K562,Erythroblast,Bone Marrow,1,PKNOX1
70762|HDAC4,0.987449016086162,Homo sapiens,HDAC4,cr,MM1.S,B Lymphocyte,Blood,1,HDAC4
38835|DLX6,0.987505781772656,Homo sapiens,DLX6,tf,LoVo,None,Colon,0,DLX6
63799|ZBTB40,0.987821506972682,Homo sapiens,ZBTB40,,HepG2,Epithelium,Liver,1,ZBTB40
65216|ZNF563,0.988353023729847,Homo sapiens,ZNF563,,HEK293,Epithelium,Embryonic Kidney,1,ZNF563
45787|SMARCC2,0.988607575771612,Homo sapiens,SMARCC2,cr,HeLa-S3,Epithelium,Cervix,1,SMARCC2
46246|SP2,0.989004660617149,Homo sapiens,SP2,predicted chromatin regulator,HepG2,Epithelium,Liver,1,SP2
50378|EZH1,0.989105322825924,Homo sapiens,EZH1,cr,None,Proerythroblast,Fetal Liver,1,EZH1
44144|PHF6,0.989163392241756,Homo sapiens,PHF6,predicted chromatin regulator,Jurkat,T Lymphocyte,Blood,1,PHF6
73976|ZNF101,0.989172645473608,Homo sapiens,ZNF101,,293T,None,None,1,ZNF101
77078|ZNF611,0.989336622046514,Homo sapiens,ZNF611,tf,293T,None,None,1,ZNF611
63428|INSM2,0.989513949011323,Homo sapiens,INSM2,,HEK293,Epithelium,Embryonic Kidney,1,INSM2
38726|HBP1,0.989595884365036,Homo sapiens,HBP1,tf,LoVo,None,Colon,1,HBP1
38808|BARHL1,0.989870286504305,Homo sapiens,BARHL1,tf,LoVo,None,Colon,0,BARHL1
45947|NELFE,0.98993675760807,Homo sapiens,NELFE,not sure,K562,Erythroblast,Bone Marrow,1,NELFE
64553|HIC1,0.989942251768889,Homo sapiens,HIC1,,HEK293,Epithelium,Embryonic Kidney,1,HIC1
62817|ZFP3,0.990060037215414,Homo sapiens,ZFP3,,HEK293,Epithelium,Embryonic Kidney,1,ZFP3
64129|ILK,0.990644281153114,Homo sapiens,ILK,,K562,Erythroblast,Bone Marrow,1,ILK
62555|ZNF600,0.990881651483469,Homo sapiens,ZNF600,,HEK293,Epithelium,Embryonic Kidney,1,ZNF600
63935|YBX3,0.990894863573513,Homo sapiens,YBX3,tf,K562,Erythroblast,Bone Marrow,1,YBX3
38694|E2F3,0.99097776160972,Homo sapiens,E2F3,tf,LoVo,None,Colon,1,E2F3
9211|THAP1,0.991147719655041,Homo sapiens,THAP1,tf,HeLa,Epithelium,Cervix,1,THAP1
77032|ZNF793,0.991280880106468,Homo sapiens,ZNF793,other,293T,None,None,1,ZNF793
63399|ZFP37,0.991449702031393,Homo sapiens,ZFP37,,HEK293,Epithelium,Embryonic Kidney,1,ZFP37
62487|ZNF202,0.991465665002873,Homo sapiens,ZNF202,,HEK293,Epithelium,Embryonic Kidney,1,ZNF202
38845|DBP,0.991581209061711,Homo sapiens,DBP,tf,LoVo,None,Colon,0,DBP
49629|TFAP2C,0.991613821925246,Homo sapiens,TFAP2C,predicted transcription factor,MCF-7,Epithelium,Breast,1,TFAP2C
38856|ATOH1,0.991631534166861,Homo sapiens,ATOH1,tf,LoVo,None,Colon,1,ATOH1
59006|JMJD1C,0.99163881448865,Homo sapiens,JMJD1C,predicted chromatin regulator,THP-1,Monocyte,Blood,1,JMJD1C
42772|MXD3,0.991658016936479,Homo sapiens,MXD3,tf,LoVo,None,Colon,1,MXD3
42762|GMEB2,0.991984962816509,Homo sapiens,GMEB2,tf,LoVo,None,Colon,1,GMEB2
63678|ZNF423,0.992017757533941,Homo sapiens,ZNF423,,HEK293,Epithelium,Embryonic Kidney,1,ZNF423
45630|WRNIP1,0.99201861504101,Homo sapiens,WRNIP1,predicted chromatin regulator,GM12878,B Lymphocyte,Blood,1,WRNIP1
38815|MXD1,0.992313586111387,Homo sapiens,MXD1,tf,LoVo,None,Colon,0,MXD1
77041|ZNF780A,0.992663873696764,Homo sapiens,ZNF780A,tf,293T,None,None,1,ZNF780A
38791|HOXA10,0.992943149293076,Homo sapiens,HOXA10,tf,LoVo,None,Colon,0,HOXA10
77102|ZNF525,0.993043293390562,Homo sapiens,ZNF525,other,293T,None,None,1,ZNF525
62985|ZNF391,0.993102324778615,Homo sapiens,ZNF391,,HEK293,Epithelium,Embryonic Kidney,1,ZNF391
77184|ZKSCAN3,0.993246790913753,Homo sapiens,ZKSCAN3,tf,293T,None,None,1,ZKSCAN3
62981|ZBED1,0.993358022422944,Homo sapiens,ZBED1,,GM12878,B Lymphocyte,Blood,1,ZBED1
65192|ZBTB6,0.993689227381246,Homo sapiens,ZBTB6,,HEK293,Epithelium,Embryonic Kidney,1,ZBTB6
63632|ZNF501,0.993805575232703,Homo sapiens,ZNF501,,HEK293,Epithelium,Embryonic Kidney,1,ZNF501
62653|RAD51,0.993871278589773,Homo sapiens,RAD51,predicted chromatin regulator,HepG2,Epithelium,Liver,1,RAD51
38812|ASCL2,0.993872234221861,Homo sapiens,ASCL2,tf,LoVo,None,Colon,1,ASCL2
45742|KAT2B,0.993922689910785,Homo sapiens,KAT2B,predicted chromatin regulator,HeLa-S3,Epithelium,Cervix,1,KAT2B
43556|CBX6,0.99393905205917,Homo sapiens,CBX6,cr,None,Epithelium,Mammary Gland,1,CBX6
63362|C11orf30,0.994000116460067,Homo sapiens,C11orf30,,K562,Erythroblast,Bone Marrow,1,C11orf30
64839|NONO,0.994100995128375,Homo sapiens,NONO,,MCF-7,Epithelium,Breast,1,NONO
49742|SSU72,0.994169735571123,Homo sapiens,SSU72,other,H1,Embryonic Stem Cell,Embryo,1,SSU72
46240|NFIC,0.994178731650818,Homo sapiens,NFIC,tf,HepG2,Epithelium,Liver,1,NFIC
1218|GATAD1,0.994239023598465,Homo sapiens,GATAD1,predicted chromatin regulator,HeLa,Epithelium,Cervix,1,GATAD1
38830|FEV,0.994376847393456,Homo sapiens,FEV,tf,LoVo,None,Colon,1,FEV
64061|CSDE1,0.994399186202912,Homo sapiens,CSDE1,,K562,Erythroblast,Bone Marrow,1,CSDE1
36771|ZNF143,0.994507140105005,Homo sapiens,ZNF143,predicted transcription factor,HeLa-S3,Epithelium,Cervix,1,ZNF143
63365|ZNF318,0.994508695609298,Homo sapiens,ZNF318,,K562,Erythroblast,Bone Marrow,1,ZNF318
64311|PRDM2,0.994633401650391,Homo sapiens,PRDM2,,HEK293,Epithelium,Embryonic Kidney,1,PRDM2
73987|CD34,0.994637242829494,Homo sapiens,CD34,other,None,None,Thymus,1,CD34
63400|H2AFZ,0.994681645764584,Homo sapiens,H2AFZ,,SK-N-SH,Neuroblastoma cell,Brain,1,H2AFZ
64463|BCL11B,0.994800787647788,Homo sapiens,BCL11B,,HEK293,Epithelium,Embryonic Kidney,1,BCL11B
64289|ZSCAN23,0.99486571330745,Homo sapiens,ZSCAN23,,HEK293,Epithelium,Embryonic Kidney,1,ZSCAN23
38638|ZFHX3,0.995166190775024,Homo sapiens,ZFHX3,tf,LoVo,None,Colon,0,ZFHX3
41309|ZFX,0.995168305189632,Homo sapiens,ZFX,predicted transcription factor,RPMI-8402,T cell leukemia,Blood,1,ZFX
62899|ZNF346,0.995257342044523,Homo sapiens,ZNF346,,HEK293,Epithelium,Embryonic Kidney,1,ZNF346
69998|SMARCA5,0.995312382527652,Homo sapiens,SMARCA5,cr,LNCaP,Epithelium,Prostate,1,SMARCA5
62660|KAT8,0.995355718352977,Homo sapiens,KAT8,cr,K562,Erythroblast,Bone Marrow,1,KAT8
62769|ZNF71,0.995456153362819,Homo sapiens,ZNF71,,HEK293,Epithelium,Embryonic Kidney,1,ZNF71
77065|ZNF674,0.995499132054677,Homo sapiens,ZNF674,tf,293T,None,None,1,ZNF674
40348|CHD5,0.995642251396879,Homo sapiens,CHD5,cr,SH-SY5Y,None,Bone Marrow,1,CHD5
64322|ZNF362,0.995830559503022,Homo sapiens,ZNF362,,HEK293,Epithelium,Embryonic Kidney,1,ZNF362
47579|TTF1,0.995838852383819,Homo sapiens,TTF1,tf,NCI-H441,Epithelium,Lung,1,TTF1
62995|TRIM25,0.995842928461172,Homo sapiens,TRIM25,,K562,Erythroblast,Bone Marrow,1,TRIM25
62617|KLF17,0.995897608106651,Homo sapiens,KLF17,,HEK293,Epithelium,Embryonic Kidney,1,KLF17
52055|HJURP,0.995919922931191,Homo sapiens,HJURP,predicted chromatin regulator,HeLa,Epithelium,Cervix,1,HJURP
51332|ASH2L,0.99597424440199,Homo sapiens,ASH2L,cr,VCaP,Epithelium,Prostate,1,ASH2L
64166|ELK1,0.996153241689125,Homo sapiens,ELK1,tf,IMR90,Fibroblast,Lung,1,ELK1
72432|GUCY1B3,0.996212068796913,Homo sapiens,GUCY1B3,other,U87,glioma cancer cell line overexpressing sGC-beta1,None,1,GUCY1B3
77059|ZNF695,0.996242885594269,Homo sapiens,ZNF695,tf,293T,None,None,1,ZNF695
77133|ZNF343,0.996588706249758,Homo sapiens,ZNF343,tf,293T,None,None,1,ZNF343
77143|ZNF28,0.996649712750048,Homo sapiens,ZNF28,tf,293T,None,None,1,ZNF28
52171|PRDM11,0.996654564815733,Homo sapiens,PRDM11,tf,U-2932,B Lymphocyte,None,0,PRDM11
63614|ZKSCAN1,0.996743797993847,Homo sapiens,ZKSCAN1,tf,MCF-7,Epithelium,Breast,1,ZKSCAN1
45626|NFYA,0.996947240185502,Homo sapiens,NFYA,tf,GM12878,B Lymphocyte,Blood,1,NFYA
45799|PPARGC1A,0.996976195267119,Homo sapiens,PPARGC1A,tf,HepG2,Epithelium,Liver,1,PPARGC1A
5562|RAC3,0.997150556028052,Homo sapiens,RAC3,cr,H3396,Epithelium,Mammary Gland,1,RAC3
77024|ZNF846,0.997208859087229,Homo sapiens,ZNF846,other,293T,None,None,1,ZNF846
77261|ZNF597,0.997212167365642,Homo sapiens,ZNF597,tf,GM12878,B Lymphocyte,Blood,1,ZNF597
68963|CBFA2T2,0.997253320719421,Homo sapiens,CBFA2T2,tf,NCCIT,Embryonal carcinoma cell,None,1,CBFA2T2
63654|SP7,0.997379768270266,Homo sapiens,SP7,,HEK293,Epithelium,Embryonic Kidney,1,SP7
76683|CCND2,0.99739202050866,Homo sapiens,CCND2,other,MM1.S,B Lymphocyte,Blood,1,CCND2
63283|ZEB2,0.997392114630182,Homo sapiens,ZEB2,,K562,Erythroblast,Bone Marrow,1,ZEB2
65139|ZBTB42,0.997593002602731,Homo sapiens,ZBTB42,,HEK293,Epithelium,Embryonic Kidney,1,ZBTB42
63979|NBN,0.997610246617854,Homo sapiens,NBN,tf,MCF-7,Epithelium,Breast,1,NBN
65085|ZNF134,0.997685276088694,Homo sapiens,ZNF134,,HEK293,Epithelium,Embryonic Kidney,1,ZNF134
77045|ZNF765,0.997800817218643,Homo sapiens,ZNF765,other,293T,None,None,1,ZNF765
62557|PLRG1,0.997843296758684,Homo sapiens,PLRG1,,HepG2,Epithelium,Liver,1,PLRG1
49196|DDX5,0.997882948823221,Homo sapiens,DDX5,predicted chromatin regulator,NTERA-2,None,Testis,1,DDX5
65165|ZNF449,0.997921178547647,Homo sapiens,ZNF449,,HEK293,Epithelium,Embryonic Kidney,1,ZNF449
42890|ZNF83,0.997953005627959,Homo sapiens,ZNF83,tf,LoVo,None,Colon,1,ZNF83
63763|ZNF48,0.997953952311536,Homo sapiens,ZNF48,,HEK293,Epithelium,Embryonic Kidney,1,ZNF48
77114|ZNF460,0.997963103197111,Homo sapiens,ZNF460,tf,293T,None,None,1,ZNF460
63037|ZNF121,0.998015221115419,Homo sapiens,ZNF121,,HEK293,Epithelium,Embryonic Kidney,1,ZNF121
42717|HEYL,0.998051617732306,Homo sapiens,HEYL,tf,LoVo,None,Colon,1,HEYL
43555|CBX4,0.99811439750028,Homo sapiens,CBX4,cr,HEK293T,Epithelium,Embryonic Kidney,1,CBX4
38820|BARX2,0.998184092288577,Homo sapiens,BARX2,tf,LoVo,None,Colon,1,BARX2
64550|GTF2A2,0.99819042160431,Homo sapiens,GTF2A2,,K562,Erythroblast,Bone Marrow,1,GTF2A2
38799|GMEB1,0.998202217129021,Homo sapiens,GMEB1,tf,LoVo,None,Colon,1,GMEB1
63514|PYGO2,0.998219809258009,Homo sapiens,PYGO2,,K562,Erythroblast,Bone Marrow,1,PYGO2
53075|RBP2,0.998219973977075,Homo sapiens,RBP2,other,U937,None,Pleura,1,RBP2
39924|ICE2,0.998248087646299,Homo sapiens,ICE2,other,HCT-116,None,Colon,1,ICE2
42707|ARNT2,0.998354485146631,Homo sapiens,ARNT2,tf,LoVo,None,Colon,1,ARNT2
5931|ETV1,0.998427736485076,Homo sapiens,ETV1,tf,RWPE1,Epithelium,Prostate,1,ETV1
38852|ATF1,0.998487307582962,Homo sapiens,ATF1,tf,LoVo,None,Colon,1,ATF1
65060|ZNF329,0.998593429618726,Homo sapiens,ZNF329,,HEK293,Epithelium,Embryonic Kidney,1,ZNF329
46288|BCLAF1,0.998662476137727,Homo sapiens,BCLAF1,predicted transcription factor,K562,Erythroblast,Bone Marrow,1,BCLAF1
38790|KLF3,0.998675164438849,Homo sapiens,KLF3,tf,LoVo,None,Colon,1,KLF3
73979|ZFP57,0.998720006739604,Homo sapiens,ZFP57,tf,293T,None,None,1,ZFP57
64878|ZBTB1,0.998751797402653,Homo sapiens,ZBTB1,,HEK293,Epithelium,Embryonic Kidney,1,ZBTB1
35296|ORC1,0.998767115711994,Homo sapiens,ORC1,other,HeLa-S3,Epithelium,Cervix,1,ORC1
77120|ZNF441,0.998824347681121,Homo sapiens,ZNF441,tf,293T,None,None,1,ZNF441
1629|PHF8,0.998895788972262,Homo sapiens,PHF8,cr,Hs68,Fibroblast,Foreskin,1,PHF8
36764|ZNF76,0.998957579634556,Homo sapiens,ZNF76,predicted transcription factor,FLP76,Epithelium,Embryonic Kidney,1,ZNF76
77271|L3MBTL4,0.998990995696189,Homo sapiens,L3MBTL4,tf,HepG2,Epithelium,Liver,1,L3MBTL4
38736|NKX2-2,0.99900469286813,Homo sapiens,NKX2-2,tf,LoVo,None,Colon,1,NKX2-2
63766|ZNF414,0.999022628058727,Homo sapiens,ZNF414,,HEK293,Epithelium,Embryonic Kidney,1,ZNF414
77150|ZNF273,0.999022977696453,Homo sapiens,ZNF273,tf,293T,None,None,1,ZNF273
34400|MECP2,0.999033861635979,Homo sapiens,MECP2,cr,HCT-116,None,Colon,1,MECP2
62731|ZNF366,0.999110305862955,Homo sapiens,ZNF366,,HEK293,Epithelium,Embryonic Kidney,1,ZNF366
2685|ZNF711,0.99917688758941,Homo sapiens,ZNF711,predicted transcription factor,SH-SY5Y,None,Bone Marrow,1,ZNF711
63977|ZNF512,0.999208213289598,Homo sapiens,ZNF512,,K562,Erythroblast,Bone Marrow,1,ZNF512
64526|RFX1,0.999269012562156,Homo sapiens,RFX1,tf,MCF-7,Epithelium,Breast,1,RFX1
62905|DIDO1,0.999271107124357,Homo sapiens,DIDO1,,K562,Erythroblast,Bone Marrow,1,DIDO1
50700|GTF2I,0.999271623874411,Homo sapiens,GTF2I,tf,None,Fibroblast,None,1,GTF2I
62681|ZNF16,0.999271798210523,Homo sapiens,ZNF16,,HEK293,Epithelium,Embryonic Kidney,1,ZNF16
77164|ZNF189,0.999308110053732,Homo sapiens,ZNF189,other,293T,None,None,1,ZNF189
77067|ZNF662,0.999311542154994,Homo sapiens,ZNF662,tf,293T,None,None,1,ZNF662
39918|ZC3H8,0.999315672127879,Homo sapiens,ZC3H8,tf,HCT-116,None,Colon,1,ZC3H8
45803|GRP20,0.99931874206208,Homo sapiens,GRP20,other,HepG2,Epithelium,Liver,1,GRP20
48799|ZNF750,0.999367960704075,Homo sapiens,ZNF750,tf,None,Keratinocyte,Foreskin,1,ZNF750
38817|HOXA1,0.999402938232681,Homo sapiens,HOXA1,tf,LoVo,None,Colon,1,HOXA1
63356|ZFP41,0.999407426410592,Homo sapiens,ZFP41,,HEK293,Epithelium,Embryonic Kidney,1,ZFP41
62566|ZNF623,0.999449980556555,Homo sapiens,ZNF623,,HEK293,Epithelium,Embryonic Kidney,1,ZNF623
45878|GTF2F1,0.999519424618947,Homo sapiens,GTF2F1,tf,K562,Erythroblast,Bone Marrow,1,GTF2F1
69219|SLC22A2,0.999536764188202,Homo sapiens,SLC22A2,not sure,HBL1,B cell lymphoma,None,1,SLC22A2
77149|ZNF282,0.999537448320675,Homo sapiens,ZNF282,tf,293T,None,None,1,ZNF282
68102|CRY1,0.999570869550954,Homo sapiens,CRY1,not sure,U2OS,None,Bone,1,CRY1
77173|ZNF141,0.999571315804577,Homo sapiens,ZNF141,tf,293T,None,None,1,ZNF141
65180|ZNF35,0.999605625115298,Homo sapiens,ZNF35,,HEK293,Epithelium,Embryonic Kidney,1,ZNF35
63611|ZKSCAN8,0.999619872104544,Homo sapiens,ZKSCAN8,,K562,Erythroblast,Bone Marrow,1,ZKSCAN8
73937|ZNF610,0.99963604661727,Homo sapiens,ZNF610,,293T,None,None,1,ZNF610
43668|DPPA2,0.999640871693821,Homo sapiens,DPPA2,predicted chromatin regulator,HEK293T,Epithelium,Embryonic Kidney,0,DPPA2
76518|ZBTB16,0.99966973691317,Homo sapiens,ZBTB16,tf,None,Stromal Cell,None,1,ZBTB16
45901|GTF3C2,0.999676458555975,Homo sapiens,GTF3C2,tf,K562,Erythroblast,Bone Marrow,1,GTF3C2
49193|CSNK2A1,0.999683685874839,Homo sapiens,CSNK2A1,other,LNCaP,Epithelium,Prostate,1,CSNK2A1
77117|ZNF445,0.999694710842649,Homo sapiens,ZNF445,tf,293T,None,None,1,ZNF445
62580|TARDBP,0.999695444049428,Homo sapiens,TARDBP,,K562,Erythroblast,Bone Marrow,1,TARDBP
76709|MGEA5,0.999703984743569,Homo sapiens,MGEA5,other,BJAB,None,None,1,MGEA5
67859|EBNA2,0.999705689743062,Homo sapiens,EBNA2,other,GM12878,B Lymphocyte,Blood,0,EBNA2
43739|CDK7,0.999722145673825,Homo sapiens,CDK7,predicted transcription factor,MM1.S,B Lymphocyte,Blood,1,CDK7
63123|MBD1_isoform2,0.999725912376916,Homo sapiens,MBD1_isoform2,,HepG2,Epithelium,Liver,1,MBD1_isoform2
42711|DR1,0.999735244523564,Homo sapiens,DR1,tf,LoVo,None,Colon,1,DR1
38719|DLX1,0.999739200855466,Homo sapiens,DLX1,tf,LoVo,None,Colon,1,DLX1
64787|ZNF687,0.999780905387394,Homo sapiens,ZNF687,,MCF-7,Epithelium,Breast,1,ZNF687
77113|ZNF468,0.999783360894464,Homo sapiens,ZNF468,other,293T,None,None,1,ZNF468
56010|CDK12,0.999787421091822,Homo sapiens,CDK12,tf,Jurkat,T Lymphocyte,Blood,1,CDK12
1228|CCDC101,0.999798756231928,Homo sapiens,CCDC101,cr,HeLa,Epithelium,Cervix,1,CCDC101
8563|GPS2,0.999809142293308,Homo sapiens,GPS2,not sure,HEK293T,Epithelium,Embryonic Kidney,1,GPS2
38647|ETV7,0.999821450490617,Homo sapiens,ETV7,tf,LoVo,None,Colon,1,ETV7
38695|RBCK1,0.999827356652659,Homo sapiens,RBCK1,tf,LoVo,None,Colon,1,RBCK1
64620|TRIM22,0.999831447308076,Homo sapiens,TRIM22,,GM12878,B Lymphocyte,Blood,1,TRIM22
49482|ZNF92,0.99983593544389,Homo sapiens,ZNF92,tf,None,Retinal pigment cell,None,1,ZNF92
43450|SUPT5H,0.999843284715545,Homo sapiens,SUPT5H,tf,HeLa,Epithelium,Cervix,1,SUPT5H
46188|SIX5,0.999843363968226,Homo sapiens,SIX5,predicted transcription factor,H1,Embryonic Stem Cell,Embryo,1,SIX5
76499|ZMYND8,0.999847270098683,Homo sapiens,ZMYND8,cr,ZR-75-30,None,None,1,ZMYND8
64008|ZNF589,0.999856984850779,Homo sapiens,ZNF589,,K562,Erythroblast,Bone Marrow,1,ZNF589
65061|ZNF554,0.999867321620323,Homo sapiens,ZNF554,,HEK293,Epithelium,Embryonic Kidney,1,ZNF554
63127|MNT,0.999869922247802,Homo sapiens,MNT,tf,HepG2,Epithelium,Liver,1,MNT
46131|RUNX3,0.999874396551596,Homo sapiens,RUNX3,tf,GM12878,B Lymphocyte,Blood,1,RUNX3
1223|C17orf49,0.999878129368141,Homo sapiens,C17orf49,cr,HeLa,Epithelium,Cervix,1,C17orf49
45935|TBL1XR1,0.999881843810111,Homo sapiens,TBL1XR1,predicted chromatin regulator,K562,Erythroblast,Bone Marrow,1,TBL1XR1
39886|HCFC1,0.999884070253406,Homo sapiens,HCFC1,tf,HEK293T,Epithelium,Embryonic Kidney,0,HCFC1
46289|TAF7,0.999893225706241,Homo sapiens,TAF7,predicted transcription factor,K562,Erythroblast,Bone Marrow,1,TAF7
46057|SIN3A,0.999903536562732,Homo sapiens,SIN3A,tf,A549,Epithelium,Lung,1,SIN3A
39911|OGT,0.999911632406943,Homo sapiens,OGT,other,HEK293T,Epithelium,Embryonic Kidney,1,OGT
63870|KLF1,0.999914533843466,Homo sapiens,KLF1,predicted transcription factor,K562,Erythroblast,Bone Marrow,1,KLF1
1222|TRRAP,0.99992093423569,Homo sapiens,TRRAP,cr,HeLa,Epithelium,Cervix,1,TRRAP
49951|KLF9,0.999930918311745,Homo sapiens,KLF9,tf,GBM1B,Glioblastoma Stem Cell,None,1,KLF9
51839|MRE11A,0.999934965878481,Homo sapiens,MRE11A,not sure,LNCaP,Epithelium,Prostate,1,MRE11A
35528|BCOR,0.999936833235892,Homo sapiens,BCOR,both predicted transcription factor and chromatin regulator,OCI-Ly1,B cell lymphoma,Bone Marrow,1,BCOR
64106|KDM4B,0.999939876724292,Homo sapiens,KDM4B,cr,K562,Erythroblast,Bone Marrow,1,KDM4B
74573|SPIN1,0.999943075600083,Homo sapiens,SPIN1,other,T778,None,None,1,SPIN1
45886|NRF1,0.999947350508248,Homo sapiens,NRF1,tf,K562,Erythroblast,Bone Marrow,1,NRF1
77457|SON,0.999947977074085,Homo sapiens,SON,,K562,Leukemia,None,1,SON
38666|ZBTB7B,0.999951069409692,Homo sapiens,ZBTB7B,tf,LoVo,None,Colon,1,ZBTB7B
63555|MIER1,0.999953277823376,Homo sapiens,MIER1,,K562,Erythroblast,Bone Marrow,1,MIER1
43451|NELFA,0.999955639110303,Homo sapiens,NELFA,not sure,HeLa,Epithelium,Cervix,0,NELFA
77037|ZNF786,0.999962600273506,Homo sapiens,ZNF786,tf,293T,None,None,1,ZNF786
65166|ZNF322,0.999963853075448,Homo sapiens,ZNF322,,HEK293,Epithelium,Embryonic Kidney,1,ZNF322
62525|ZNF2,0.999966348043108,Homo sapiens,ZNF2,,HEK293,Epithelium,Embryonic Kidney,1,ZNF2
38731|TFDP1,0.9999680240134,Homo sapiens,TFDP1,tf,LoVo,None,Colon,1,TFDP1
4930|TAFII,0.999970600142398,Homo sapiens,TAFII,not sure,H1,Embryonic Stem Cell,Embryo,0,TAFII
72878|MYF5,0.999980405258029,Homo sapiens,MYF5,tf,Rh18,rhabdomyosarcoma,None,1,MYF5
72857|TRAF7,0.999984122022227,Homo sapiens,TRAF7,other,None,None,meningioma,1,TRAF7
63538|ZNF692,0.999986030395098,Homo sapiens,ZNF692,,HEK293,Epithelium,Embryonic Kidney,1,ZNF692
63098|SMAD5,0.99999032963285,Homo sapiens,SMAD5,tf,GM12878,B Lymphocyte,Blood,1,SMAD5
77098|ZNF534,0.999990548046744,Homo sapiens,ZNF534,tf,293T,None,None,1,ZNF534
65062|ZNF467,0.999990670528241,Homo sapiens,ZNF467,,HEK293,Epithelium,Embryonic Kidney,1,ZNF467
62716|TFAP4,0.999990673838137,Homo sapiens,TFAP4,,HepG2,Epithelium,Liver,1,TFAP4
65071|KLF12,0.999991391759112,Homo sapiens,KLF12,,HEK293,Epithelium,Embryonic Kidney,1,KLF12
62666|HLTF,0.99999248855419,Homo sapiens,HLTF,,K562,Erythroblast,Bone Marrow,1,HLTF
65164|ZNF770,0.999992815683834,Homo sapiens,ZNF770,,HEK293,Epithelium,Embryonic Kidney,1,ZNF770
63465|MBD1_isoform1,0.999993058450311,Homo sapiens,MBD1_isoform1,,HepG2,Epithelium,Liver,1,MBD1_isoform1
63301|NKRF,0.999993187460545,Homo sapiens,NKRF,,K562,Erythroblast,Bone Marrow,1,NKRF
46157|POU2F2,0.999993260275479,Homo sapiens,POU2F2,tf,GM12891,Lymphoblastoid,Blood,1,POU2F2
42804|ZBTB10,0.999994778631977,Homo sapiens,ZBTB10,tf,LoVo,None,Colon,1,ZBTB10
4632|KAT5,0.999994794689852,Homo sapiens,KAT5,cr,None,T Lymphocyte,Blood,1,KAT5
38635|FOXD2,0.999995526577184,Homo sapiens,FOXD2,tf,LoVo,None,Colon,1,FOXD2
52242|ZTA,0.999995538248863,Homo sapiens,ZTA,other,Akata,B Lymphocyte,None,1,ZTA
76528|EPC1,0.999996248755698,Homo sapiens,EPC1,tf,K562,Lymphoblast,None,1,EPC1
77183|ZKSCAN5,0.999996657175407,Homo sapiens,ZKSCAN5,tf,293T,None,None,1,ZKSCAN5
65154|ZSCAN22,0.999996708824877,Homo sapiens,ZSCAN22,,HEK293,Epithelium,Embryonic Kidney,1,ZSCAN22
45905|CHD2,0.999996766300449,Homo sapiens,CHD2,cr,K562,Erythroblast,Bone Marrow,1,CHD2
62930|ZNF341,0.999997432034559,Homo sapiens,ZNF341,,HEK293,Epithelium,Embryonic Kidney,1,ZNF341
42774|NFYC,0.99999750885617,Homo sapiens,NFYC,tf,LoVo,None,Colon,1,NFYC
42720|HOXA4,0.999997550860408,Homo sapiens,HOXA4,tf,LoVo,None,Colon,1,HOXA4
41573|ING5,0.999997682261669,Homo sapiens,ING5,predicted chromatin regulator,RKO,Epithelium,Colon,1,ING5
77537|REL,0.999997747733603,Homo sapiens,REL,tf,GM12878,Lymphoblastoid,None,1,REL
76568|UHRF2,0.999997809400983,Homo sapiens,UHRF2,other,293T,None,None,1,UHRF2
70928|RBBP4,0.999998068088248,Homo sapiens,RBBP4,cr,T98G,Glioblastoma cell,None,1,RBBP4
63902|ZXDB,0.999998087892612,Homo sapiens,ZXDB,,HEK293,Epithelium,Embryonic Kidney,1,ZXDB
74844|JMJD6,0.999998112124712,Homo sapiens,JMJD6,cr,None,IN528,None,1,JMJD6
77260|WDHD1,0.999998117731751,Homo sapiens,WDHD1,tf,MCF-7,None,None,1,WDHD1
63477|POLR2H,0.999998367409704,Homo sapiens,POLR2H,,K562,Erythroblast,Bone Marrow,1,POLR2H
77039|ZNF783,0.99999839033045,Homo sapiens,ZNF783,tf,293T,None,None,1,ZNF783
64302|E2F5,0.999998396729571,Homo sapiens,E2F5,,K562,Erythroblast,Bone Marrow,1,E2F5
8794|RBBP5,0.999998739806037,Homo sapiens,RBBP5,cr,K562,Erythroblast,Bone Marrow,1,RBBP5
76494|BRPF3,0.999999104887701,Homo sapiens,BRPF3,other,RKO,Epithelium,Colon,1,BRPF3
64143|NFRKB,0.999999197400084,Homo sapiens,NFRKB,,K562,Erythroblast,Bone Marrow,1,NFRKB
77366|TIAM1,0.999999306323862,Homo sapiens,TIAM1,other,SW480,Epithelium,Colon,1,TIAM1
63525|ZFP2,0.999999402158136,Homo sapiens,ZFP2,,HEK293,Epithelium,Embryonic Kidney,1,ZFP2
77112|ZNF479,0.999999427359196,Homo sapiens,ZNF479,tf,293T,None,None,1,ZNF479
63034|PRDM10,0.999999452660204,Homo sapiens,PRDM10,,HEK293,Epithelium,Embryonic Kidney,1,PRDM10
63738|ZNF654,0.999999471925392,Homo sapiens,ZNF654,,HEK293,Epithelium,Embryonic Kidney,1,ZNF654
46320|TAF1,0.999999495408481,Homo sapiens,TAF1,tf,MCF-7,Epithelium,Breast,1,TAF1
63155|GABP,0.999999577396116,Homo sapiens,GABP,,HepG2,Epithelium,Liver,1,GABP
53323|INTS3,0.999999600763443,Homo sapiens,INTS3,predicted transcription factor,HeLa,Epithelium,Cervix,1,INTS3
63449|DEAF1,0.99999963385387,Homo sapiens,DEAF1,,K562,Erythroblast,Bone Marrow,1,DEAF1
65057|TGIF2,0.999999648375754,Homo sapiens,TGIF2,tf,HepG2,Epithelium,Liver,1,TGIF2
32850|TERC,0.999999709668834,Homo sapiens,TERC,other,HeLa,Epithelium,Cervix,1,TERC
46071|E2F6,0.999999770759813,Homo sapiens,E2F6,tf,A549,Epithelium,Lung,1,E2F6
65063|ZNF574,0.999999788790393,Homo sapiens,ZNF574,,HEK293,Epithelium,Embryonic Kidney,1,ZNF574
77256|ZXDC,0.999999826596385,Homo sapiens,ZXDC,tf,MCF-7,None,None,1,ZXDC
64091|KLF8,0.99999985728424,Homo sapiens,KLF8,,HEK293,Epithelium,Embryonic Kidney,1,KLF8
8799|SAP30,0.999999862815826,Homo sapiens,SAP30,not sure,K562,Erythroblast,Bone Marrow,1,SAP30
42722|HOXA6,0.999999869271889,Homo sapiens,HOXA6,tf,LoVo,None,Colon,1,HOXA6
45618|TBP,0.999999879995619,Homo sapiens,TBP,tf,GM12878,B Lymphocyte,Blood,1,TBP
65073|ZNF280A,0.9999998904151,Homo sapiens,ZNF280A,,HEK293,Epithelium,Embryonic Kidney,1,ZNF280A
76526|BRD9,0.999999901958612,Homo sapiens,BRD9,other,NOMO-1,Acute myeloid leukemia,None,1,BRD9
76468|PHF2,0.999999906675734,Homo sapiens,PHF2,tf,None,N8-CTx,None,1,PHF2
5194|HMGN1,0.999999936652223,Homo sapiens,HMGN1,both predicted transcription factor and chromatin regulator,None,T Lymphocyte,Blood,1,HMGN1
50434|ELK3,0.999999940988896,Homo sapiens,ELK3,tf,None,Endothelial Cell,Umbilical Vein,1,ELK3
50210|DDX21,0.999999944532878,Homo sapiens,DDX21,predicted chromatin regulator,HEK293,Epithelium,Embryonic Kidney,1,DDX21
64424|KLF16,0.999999960054433,Homo sapiens,KLF16,,K562,Erythroblast,Bone Marrow,1,KLF16
43305|CDK6,0.999999964700563,Homo sapiens,CDK6,predicted transcription factor,None,None,None,1,CDK6
46279|USF1,0.999999966935918,Homo sapiens,USF1,tf,K562,Erythroblast,Bone Marrow,1,USF1
76529|MBTD1,0.99999997854325,Homo sapiens,MBTD1,other,K562,Lymphoblast,None,1,MBTD1
36226|DCP1A,0.999999988676932,Homo sapiens,DCP1A,tf,HEK293,Epithelium,Embryonic Kidney,1,DCP1A
65118|ZNF768,0.999999991418169,Homo sapiens,ZNF768,,HEK293,Epithelium,Embryonic Kidney,1,ZNF768
2110|PRAME,0.999999994593536,Homo sapiens,PRAME,not sure,K562,Erythroblast,Bone Marrow,1,PRAME
76519|SETD1A,0.999999997234373,Homo sapiens,SETD1A,predicted chromatin regulator,None,Erythroid Cell,None,1,SETD1A
65128|ZNF436,0.999999998963482,Homo sapiens,ZNF436,,HEK293,Epithelium,Embryonic Kidney,1,ZNF436
74673|RUVBL1,0.999999998987929,Homo sapiens,RUVBL1,cr,HepG2,Epithelium,Liver,1,RUVBL1
69626|PSMA7,0.999999999221034,Homo sapiens,PSMA7,other,None,Hematopoietic stem and progenitor cell,None,1,PSMA7
49448|EGLN2,0.999999999707969,Homo sapiens,EGLN2,other,T47D,Epithelium,Mammary Gland,1,EGLN2
7341|HEY1,0.99999999981586,Homo sapiens,HEY1,tf,HepG2,Epithelium,Liver,1,HEY1
63686|ZBTB8A,0.999999999921843,Homo sapiens,ZBTB8A,,HEK293,Epithelium,Embryonic Kidney,1,ZBTB8A
77103|ZNF519,0.999999999957107,Homo sapiens,ZNF519,tf,293T,None,None,1,ZNF519
76520|BPTF,0.999999999971907,Homo sapiens,BPTF,tf,None,Erythroid Cell,None,1,BPTF
64760|POLR2AphosphoS5,0.999999999973335,Homo sapiens,POLR2AphosphoS5,,None,Neuron,None,1,POLR2AphosphoS5
8482|KAT7,0.999999999988352,Homo sapiens,KAT7,cr,RKO,Epithelium,Colon,1,KAT7
64555|IKZF2,0.999999999994032,Homo sapiens,IKZF2,tf,HEK293,Epithelium,Embryonic Kidney,1,IKZF2
49481|RPE,0.999999999996522,Homo sapiens,RPE,other,None,Retinal pigment cell,None,1,RPE
45895|CCNT2,0.99999999999701,Homo sapiens,CCNT2,tf,K562,Erythroblast,Bone Marrow,1,CCNT2
65146|ZBTB14,0.999999999998584,Homo sapiens,ZBTB14,,HEK293,Epithelium,Embryonic Kidney,1,ZBTB14
41572|ING2,0.999999999999341,Homo sapiens,ING2,predicted chromatin regulator,RKO,Epithelium,Colon,1,ING2
36356|POLR2B,0.999999999999489,Homo sapiens,POLR2B,tf,IMR90,Fibroblast,Lung,1,POLR2B
45920|HMGN3,0.999999999999735,Homo sapiens,HMGN3,tf,K562,Erythroblast,Bone Marrow,1,HMGN3
75571|HAP1,0.999999999999782,Homo sapiens,HAP1,other,None,None,None,1,HAP1
76682|ASXL1,0.999999999999796,Homo sapiens,ASXL1,tf,HEK293,None,None,1,ASXL1
55543|RAG2,0.999999999999998,Homo sapiens,RAG2,cr,None,Thymocyte,None,1,RAG2
65186|EGR3,0.999999999999998,Homo sapiens,EGR3,,HEK293,Epithelium,Embryonic Kidney,1,EGR3
8564|TBL1X,0.999999999999999,Homo sapiens,TBL1X,cr,HEK293T,Epithelium,Embryonic Kidney,1,TBL1X
42766|ID1,1,Homo sapiens,ID1,tf,LoVo,None,Colon,0,ID1
42776|NR1D1,1,Homo sapiens,NR1D1,tf,LoVo,None,Colon,0,NR1D1
42748|AHCTF1,1,Homo sapiens,AHCTF1,tf,LoVo,None,Colon,0,AHCTF1
42662|HES7,1,Homo sapiens,HES7,tf,LoVo,None,Colon,0,HES7
38660|TGIF1,1,Homo sapiens,TGIF1,tf,LoVo,None,Colon,0,TGIF1
38676|HMGA1,1,Homo sapiens,HMGA1,tf,LoVo,None,Colon,0,HMGA1
38711|TRPS1,1,Homo sapiens,TRPS1,tf,LoVo,None,Colon,0,TRPS1
38859|CEBPE,1,Homo sapiens,CEBPE,tf,LoVo,None,Colon,0,CEBPE
42661|HES5,1,Homo sapiens,HES5,tf,LoVo,None,Colon,0,HES5
42839|LCOR,1,Homo sapiens,LCOR,tf,LoVo,None,Colon,0,LCOR
8816|KDM4A,1,Homo sapiens,KDM4A,cr,H1,Embryonic Stem Cell,Embryo,1,KDM4A
38585|TAF3,1,Homo sapiens,TAF3,cr,None,Epithelium,Colon,1,TAF3
42649|CREB3L1,1,Homo sapiens,CREB3L1,tf,LoVo,None,Colon,0,CREB3L1
58996|TAF15,1,Homo sapiens,TAF15,not sure,HEK293,Epithelium,Embryonic Kidney,0,TAF15
